region,class,priority,max_demand_mw,avg_demand_mw,energy_mwh,load_factor,connected_load_mw,demand_factor,diversity_factor
R1,traction,1,31.168732504942355,15.015175814728392,2522.54953687437,0.48173841564932,41.55831000658981,0.75,
R1,municipal,1,5.114256768724887,2.80145250401991,470.6440206753449,0.5477731429426025,6.392820960906109,0.8,
R1,domestic,4,31.335624175279374,17.268014494429448,2901.0264350641473,0.5510665560015287,69.63472038950972,0.44999999999999996,
R1,commercial,3,10.839766612395966,5.962601487512113,1001.717049902035,0.5500673308494942,18.06627768732661,0.6,
R1,industrial,2,149.8933718674685,117.82121907572557,19793.964804721894,0.7860335491011556,214.13338838209785,0.7,
R2,traction,1,18.644090917656015,9.005081553740277,1512.8537010283667,0.4829992298102578,24.85878789020802,0.75,
R2,municipal,1,13.23193768720725,6.872844157979712,1154.6378185405915,0.519413280235172,16.539922109009062,0.8,
R2,domestic,4,72.22228172731657,38.06304108963564,6394.590903058787,0.5270262885538147,160.4939593940368,0.45000000000000007,
R2,commercial,3,56.44026654035176,32.700991765144074,5493.766616544204,0.5793911646707873,94.06711090058627,0.6,
R2,industrial,2,21.075622499010578,16.870789687457336,2834.292667492832,0.8004883219107458,30.108032141443683,0.7,
R3,municipal,1,8.488545896780062,4.596736074896681,772.2516605826423,0.5415222030713587,10.610682370975077,0.8,
R3,domestic,4,60.045052320995175,32.04139843776917,5382.95493754522,0.5336226249996233,133.4334496022115,0.44999999999999996,
R3,commercial,3,10.996565129210541,6.034175461114171,1013.7414774671807,0.5487327533836353,18.327608548684236,0.6,
R3,irrigation,5,35.84341860619017,17.433808345088487,2928.879801974866,0.4863879904043992,42.168727771988436,0.85,
R3,industrial,2,10.31627508388185,8.522355952780988,1431.7558000672059,0.8261078619448912,14.73753583411693,0.7,
CITY,traction,1,46.62483377432709,24.02025736846867,4035.4032379027362,0.5151816194076145,66.41709789679783,0.7020004675117703,1.0683753568688683
CITY,municipal,1,26.157778983851117,14.271032736896306,2397.533499798579,0.5455750943421739,33.543425440890246,0.7798183590386732,1.025879925404944
CITY,domestic,4,162.60281828680058,87.37245402183424,14678.572275668153,0.537336652232717,363.56212938575806,0.4472490535841005,1.0061508155106296
CITY,commercial,3,77.51184373742431,44.69776871377036,7509.22514391342,0.576657276598742,130.46099713659711,0.5941380599465047,1.009866292783908
CITY,irrigation,5,35.84341860619017,17.433808345088487,2928.879801974866,0.4863879904043992,42.168727771988436,0.85,1.0
CITY,industrial,2,179.85513616287025,143.21436471596388,24060.013272281933,0.7962762018999233,258.9789563576585,0.6944778011788895,1.0079515843584006
