timestamp,national_import_mw,losses_mw,max_tie_loading_pct,loading_NAT-R1_pct,loading_R1-R2_pct,loading_R2-R3_pct,loading_R1-R3_pct,v_R1_33kV_pu,v_R2_33kV_pu,v_R3_33kV_pu,feeder_tail_v_pu,feeder_min_v_pu,feeder_head_mw
2026-09-14 00:00:00,91.60814783112988,1.6081478311303843,85.53404877886555,76.87329973484454,55.02105712313487,32.027763524193475,85.53404877886555,1.0093870882787133,1.026797339862579,1.009737375649552,1.0067255503687034,1.0067255503687034,0.12398522600842236
2026-09-14 00:30:00,91.56168496243612,1.5616849624358915,84.77440220997472,76.8477186017852,53.79544887050128,33.143093879585855,84.77440220997472,1.0107189591367967,1.0274511414300393,1.0100092085427963,1.0071609095542373,1.0071609095542373,0.11672549939374964
2026-09-14 01:00:00,91.52904717344484,1.5290471736939955,83.9606532849775,76.82975118968302,52.64869959687037,33.9862376686658,83.9606532849775,1.0111235834119376,1.0280573939147115,1.010585357085368,1.0078937988729957,1.0078937988729957,0.10980034379303436
2026-09-14 01:30:00,91.48931528300403,1.489315283219859,81.21882454310237,76.80788066547515,50.91537457796929,32.31497040064333,81.21882454310237,1.0110518412070062,1.0285008828038653,1.0114320385846238,1.0088230376353273,1.0088230376353273,0.10621250495089575
2026-09-14 02:00:00,91.46611182273335,1.466111822867838,80.54831135649682,76.79510940692886,49.848683218492475,33.261400136786214,80.54831135649682,1.011181762851372,1.029075607032385,1.0118159203426913,1.009297174364909,1.009297174364909,0.10222181047296086
2026-09-14 02:30:00,91.40836089235182,1.4083608926779698,76.76332678771843,76.76332678771843,47.650581985359125,28.58566356740434,75.78023621084826,1.0119561159580353,1.0291464962355537,1.012036710640275,1.0095481271572047,1.0095481271572047,0.10089768749964032
2026-09-14 03:00:00,91.40768028933763,1.4076802893427471,76.76295225628061,76.76295225628061,47.871117300677,29.399482716395077,76.43385345525509,1.0122196158791852,1.029177188231327,1.012230069465477,1.0097519578538097,1.0097519578538097,0.10045075236820113
2026-09-14 03:30:00,91.29803499454869,1.2980349945490528,76.7026246909991,76.7026246909991,43.48358744691223,15.676927422644408,64.72894121579672,1.0112873832739093,1.0285149352631795,1.0201374066882742,1.0176032551390977,1.0176032551390977,0.10385270360937614
2026-09-14 04:00:00,90.264053462211,1.233583312387851,76.13466076701988,76.13466076701988,41.06349530607945,8.058602545651592,58.09133314688414,1.0108917613983577,1.028031061737094,1.0274996062829367,1.024880223665034,1.024880223665034,0.10855618560099807
2026-09-14 04:30:00,91.37231439071087,1.3723143907109006,76.7434916348752,76.7434916348752,46.601792640561904,9.498301757853167,64.70208926278578,1.0088185635258868,1.0260396645382182,1.0254110221124295,1.0225169233378706,1.0225169233378706,0.12075827221534688
2026-09-14 05:00:00,91.53596123074556,1.5359612307452277,76.83355730412424,76.83355730412424,52.00056361348455,9.374036297830523,70.3515157875653,1.0055708059647195,1.0237317819929688,1.0242685674030823,1.0204761987530926,1.0204761987530926,0.14976519469055105
2026-09-14 05:30:00,71.87065277195745,1.493235919767633,72.06940802281764,66.36113345531002,55.79083105512329,5.850128079286139,72.06940802281764,1.0042759411093776,1.0213818623312136,1.023888772834278,1.019666818426616,1.019666818426616,0.16911425584350234
2026-09-14 06:00:00,55.72651430552037,1.5936744548601731,82.21002673603319,58.46436748774075,62.78499481967393,9.802679980916364,82.21002673603319,1.0021852724774967,1.0194258928403124,1.0236277506234022,1.0193138497885499,1.0193138497885499,0.17781069594711923
2026-09-14 06:30:00,56.81942649489787,1.6912142234003886,84.7239899333353,58.97306936307621,65.10194552286261,9.794633790599498,84.7239899333353,1.0004693501019977,1.018313957991703,1.0229035917498723,1.0184170631852123,1.0184170631852123,0.18337020226953363
2026-09-14 07:00:00,31.90756968839173,1.435804382377699,53.24859510512788,48.667965619581324,53.1179360162636,30.890907509489136,53.24859510512788,0.9981130286847149,1.0164060090532323,1.0223226253487239,1.017960363288748,1.017960363288748,0.17364150082763236
2026-09-14 07:30:00,20.791185357315385,1.3341142459119077,47.39342580717843,45.21300297434866,47.39342580717843,39.99785180882478,43.4429399064676,0.997200652245519,1.0169497815898694,1.023395816251882,1.01933419131305,1.01933419131305,0.15579046239882313
2026-09-14 08:00:00,10.11544058835375,1.2740321457158128,49.853258866271474,42.80189741911608,43.096085922662056,49.853258866271474,35.52016040358663,0.9969331581399934,1.0167053475241632,1.02405358866608,1.0207551574019256,1.0207551574019256,0.12318025006823723
2026-09-14 08:30:00,4.111086060947514,1.2920072905061812,63.383326620851776,41.897908468457686,39.02256206634196,63.383326620851776,28.164998997054845,0.995173798056024,1.015610954880865,1.0246108508140406,1.0214254752774203,1.0214254752774203,0.10776929747427023
2026-09-14 09:00:00,57.610880135288824,1.5138035491334914,59.3440752851754,59.3440752851754,49.9386529846261,42.117123859968835,44.904677743798615,0.9963919499117273,1.0143431477450329,1.025461385166313,1.0214409700552667,1.0214409700552667,0.14279768569358253
2026-09-14 09:30:00,90.62427149953953,1.6945066007182883,76.33233385076944,76.33233385076944,49.56599173814127,43.35034180520427,43.99998659475296,0.9981146340570494,1.0143238701392174,1.025414513131577,1.0214126662175327,1.0214126662175327,0.14433507760933562
2026-09-14 10:00:00,91.63941794716561,1.693440949423702,76.89051807631492,76.89051807631492,49.195886684743165,42.42130077681341,44.06402443950543,0.9980717615354393,1.0146439178608,1.025187032922061,1.021270817335636,1.021270817335636,0.14133901345250938
2026-09-14 10:30:00,91.64772112372827,1.6995508250915763,76.8950903324361,76.8950903324361,46.67929191793449,50.70857913185307,38.21710005764201,0.9971664513453852,1.014176346784811,1.0250166561030076,1.0210243853112837,1.0210243853112837,0.14561790368449445
2026-09-14 11:00:00,91.66260963900493,1.7265001007387142,76.9032891645245,76.9032891645245,46.16823583931537,53.94075923001226,36.476336220459885,0.995923883394849,1.0135731195457152,1.0250168484096338,1.0212081969788298,1.0212081969788298,0.13253825844405906
2026-09-14 11:30:00,91.72107989034515,1.77768156438253,76.93549101598313,76.93549101598313,48.33364443092357,55.19641018275871,37.820600309268755,0.9960136768753245,1.0125824216057262,1.024486951682359,1.0204833232154837,1.0204833232154837,0.14414880959522208
2026-09-14 12:00:00,91.70573903144685,1.767223321548034,76.92704168807235,76.92704168807235,47.12350175922382,59.28515710331528,35.18650946075956,0.9963442128464167,1.0123597546411072,1.0243776014843786,1.0202908388152778,1.0202908388152778,0.1459553205286478
2026-09-14 12:30:00,91.67833283897926,1.7577465881479508,76.91194801899931,76.91194801899931,45.47744246659903,61.74681410401135,32.97785078235376,0.9959446035174053,1.0122820991103534,1.0244114940927926,1.020545804177525,1.020545804177525,0.1288719381975649
2026-09-14 13:00:00,91.65885426201248,1.7374627675158372,76.90122111460505,76.90122111460505,45.56893829744214,61.84859193230834,33.011041431142644,0.996989295843082,1.012262177290293,1.024473610915922,1.0210493642583225,1.0210493642583225,0.10923776367666369
2026-09-14 13:30:00,91.65643990373923,1.7349547561524428,76.89989156243429,76.89989156243429,45.64268777678761,63.44276111660967,32.502697739329975,0.9974523550609407,1.0118044618762538,1.0244753343438204,1.0210752715031821,1.0210752715031821,0.10818120490087793
2026-09-14 14:00:00,91.73589371754957,1.790894061040793,76.9436504184731,76.9436504184731,49.326025488362404,56.64579895514971,38.09033036244618,0.996528188041568,1.0118345962076083,1.0247479876003107,1.0205957804669263,1.0205957804669263,0.15154813920952662
2026-09-14 14:30:00,91.86954236865296,1.9041453463050844,77.01727910947834,77.01727910947834,55.434816311781724,45.81274740971916,48.53704965663008,0.9967719717352771,1.011466855611757,1.0159405781554194,1.0115639330784993,1.0115639330784993,0.16805319674848992
2026-09-14 15:00:00,92.0011910157944,2.0455795339750003,77.08983319632007,77.08983319632007,61.964660931974905,27.523943463800833,64.0269629748739,0.9964373187549769,1.0117990037201494,1.007303020024472,1.002968441694379,1.002968441694379,0.16062784125907856
2026-09-14 15:30:00,92.08525216213252,2.1277581592662385,77.1361749991076,77.1361749991076,64.79719924614497,25.018396549917643,68.27899637588966,0.9961130702541942,1.0110307957551825,1.0058655421196603,1.0014278744998497,1.0014278744998497,0.16567026016435385
2026-09-14 16:00:00,39.06797514280902,1.7045036280513184,56.837778157499066,51.31556791449881,56.837778157499066,47.74387705828099,49.02210478364195,0.9967136265141903,1.0103548052664835,1.0052123131372148,1.0008818060554652,1.0008818060554652,0.16631621083561063
2026-09-14 16:30:00,60.75419659956265,1.997927952480209,64.02374195821264,60.83842470923726,64.02374195821264,40.33394881015267,59.845314635307325,0.9955197076446934,1.008697087344688,1.0030814789008025,0.9982159043524127,0.9982159043524127,0.19315881851993327
2026-09-14 17:00:00,50.40187634962888,1.9303504296462952,60.20920984693966,56.04960054764043,51.15609895255693,12.75531988405204,60.20920984693966,0.9927674404165224,1.0058903159405082,1.0000285703185992,0.993966932790842,0.993966932790842,0.23937724701598292
2026-09-14 17:30:00,44.72381636032884,1.9603124761207684,62.855485426755386,53.602753176345196,45.69763935977013,7.969402958715991,62.855485426755386,0.9925904393717448,1.003406838626443,0.9979487314569868,0.99113312765346,0.99113312765346,0.2764697944190298
2026-09-14 18:00:00,69.56822364382265,2.3502826179216796,76.079366082168,65.18959977578366,54.45934535659494,15.016815378220324,76.079366082168,0.9914322972314792,1.0012311746105143,0.9956855972808507,0.9881889346897831,0.9881889346897831,0.30710296187388914
2026-09-14 18:30:00,73.5528848954512,2.4400989156630444,83.98923775417951,67.22535090151678,58.40468444360013,21.94268984103916,83.98923775417951,0.9934638253757438,1.0010017036530756,0.9947502880879455,0.9868069421895836,0.9868069421895836,0.3267283843446774
2026-09-14 19:00:00,83.5160828181244,2.6021885881818103,88.88898550944265,72.47225860255433,60.64087455379388,26.665996513187828,88.88898550944265,0.9922429199105243,1.0009809231459956,0.9942062318904374,0.9877943453605874,0.9877943453605874,0.271005798473883
2026-09-14 19:30:00,60.04778040695902,2.125017236524283,74.00897920976197,60.49975977374533,52.112228639985716,15.872196290553763,74.00897920976197,0.993153414973341,1.0029972191113066,1.004196876794098,0.9978840292675119,0.9978840292675119,0.26947118919340823
2026-09-14 20:00:00,40.33573601155706,1.7840083827006743,65.28741877108754,51.814165068547545,46.147436564022485,11.417866283000283,65.28741877108754,0.994926940473798,1.0050022574925597,1.0135501015810777,1.0076281203522348,1.0076281203522348,0.2546389963367822
2026-09-14 20:30:00,26.656648552664194,1.616824689635953,59.73311851213761,46.927850936312716,42.64073553888978,8.075863990798219,59.73311851213761,0.9962897942869826,1.0058833074895315,1.0153026543007897,1.0095341808549576,1.0095341808549576,0.24823121032051196
2026-09-14 21:00:00,6.2668534327171415,1.392927883073284,54.98156441644234,42.18268170071417,36.87770102980943,10.152227295999749,54.98156441644234,0.9987408577014916,1.009149782950003,1.0164867530497455,1.0110226555960633,1.0110226555960633,0.23489624242177462
2026-09-14 21:30:00,1.3326753204540864,1.3326753204540567,60.99780503584885,41.598526164159196,39.632441682664215,16.266358810837943,60.99780503584885,1.0019191282587796,1.0130443518463277,1.0094490140983858,1.004339762964504,1.004339762964504,0.21739257982919957
2026-09-14 22:00:00,48.76493702121485,1.7921616653740764,85.2968810737621,55.329861025246906,66.64169883567442,7.970166423048614,85.2968810737621,1.0034710262495583,1.0159976420890793,1.0023577955660656,0.9976739073124564,0.9976739073124564,0.19697642960835132
2026-09-14 22:30:00,27.443635240746687,1.4875633130460935,76.77301664327113,47.1768669818812,60.48844887019867,5.4805816825719615,76.77301664327113,1.0053506818380216,1.0197003154413273,1.0040917300290628,0.9999131015579102,0.9999131015579102,0.17495368432246916
2026-09-14 23:00:00,37.879314945628096,1.5900553222130624,96.4458152049514,50.85586691794903,65.34332655948006,31.273343647599987,96.4458152049514,1.0066765174535477,1.0225273237157915,1.006154314997995,1.00246602972984,1.00246602972984,0.15356054967164282
2026-09-14 23:30:00,21.810248603710534,1.3793748446339171,89.35384642157031,45.49242400284546,59.65076765523742,29.64331400304956,89.35384642157031,1.0075090958560196,1.0245435904595404,1.0076072084428065,1.0042687129059495,1.0042687129059495,0.1382368349204819
2026-09-15 00:00:00,91.58478089657291,1.584780896573077,82.11664547078381,76.86043414249623,54.3080672792559,26.910908603349704,82.11664547078381,1.009764630930434,1.0262292958046095,1.0092453435598638,1.0060968778377324,1.0060968778377324,0.1300104092434934
2026-09-15 00:30:00,91.496285025416,1.4962850265073206,76.81171699922741,76.81171699922741,50.708177581476974,23.163298079276238,76.2897137370157,1.0104302920054722,1.0270157563657623,1.010023830966022,1.007084127297969,1.007084127297969,0.12080584850519975
2026-09-15 01:00:00,91.4321411476991,1.4321411481017838,76.77641336636113,76.77641336636113,47.85840291287539,20.443593193615563,71.8301722823018,1.0108373223713563,1.0276608864231611,1.0106164413243113,1.0078366844626692,1.0078366844626692,0.11374233289860701
2026-09-15 01:30:00,91.38594121399859,1.3859412143538177,76.75098976746727,76.75098976746727,45.76049892265543,19.491394644148595,69.10330222976339,1.0114838149513397,1.0283613939277056,1.0107500107815266,1.008063353258674,1.008063353258674,0.10960126789476937
2026-09-15 02:00:00,91.36032404002748,1.3603240400277212,76.73689421011518,76.73689421011518,45.63490995728984,21.609119463477118,70.05497559685524,1.0127813809432218,1.028741268779023,1.011870118492705,1.0092429376462426,1.0092429376462426,0.10707640648539
2026-09-15 02:30:00,91.34666681501267,1.3466668150199739,76.72937990075738,76.72937990075738,45.09776132345223,20.05173767857535,68.68617033631331,1.0130847378413372,1.0286983650604786,1.0115970393450149,1.0090072478505625,1.0090072478505625,0.1053730603005007
2026-09-15 03:00:00,91.36462904300396,1.364629043015976,76.7392629165327,76.7392629165327,45.92599706150274,22.426332903451367,70.78338484628384,1.0127406436478021,1.0287969396518621,1.0117046897549196,1.0091334371173453,1.0091334371173453,0.10455671667435892
2026-09-15 03:30:00,91.31252222556594,1.312522225566069,76.71059457418409,76.71059457418409,44.88231988064771,15.853935835925896,66.29614336496871,1.0121141778194942,1.028002634608207,1.019438787989736,1.016810696408255,1.016810696408255,0.10800545505903658
2026-09-15 04:00:00,91.26045849953425,1.2604584995345334,76.68195421892906,76.68195421892906,42.53848645075766,7.1371189401760775,59.04377289717241,1.0111296266540502,1.0272738610793286,1.0274167593197339,1.0246801597355486,1.0246801597355486,0.11386793168784731
2026-09-15 04:30:00,91.37687697851658,1.3768769785167403,76.74600215721978,76.74600215721978,47.886145885679134,6.969862414551341,64.5155899875207,1.0098271354017865,1.0249968059414754,1.0259094243073263,1.0228727339723667,1.0228727339723667,0.12728505330931156
2026-09-15 05:00:00,91.57663872495976,1.5766387249596256,76.85595134825375,76.85595134825375,54.95273015503961,12.942956502530889,75.49847659030794,1.0066200590134997,1.0232716639510573,1.0241149730060712,1.0201666334509858,1.0201666334509858,0.15678998959868018
2026-09-15 05:30:00,77.71524449186404,1.600027816007519,79.45781314939435,69.39182140700775,59.85753791750529,10.534750240425728,79.45781314939435,1.0054834621282809,1.0208350299064002,1.023291792113506,1.018893401910073,1.018893401910073,0.17696868270358387
2026-09-15 06:00:00,37.53199687020145,1.4094490885565192,66.48286384557004,50.72299895546997,57.40436971581507,13.280389009512941,66.48286384557004,1.003103739133817,1.018285357091455,1.0223409828457466,1.0178380738196933,1.0178380738196933,0.186089554728843
2026-09-15 06:30:00,24.61679676661481,1.3721862119242685,58.41664442185272,46.30273466631646,55.431243951237775,25.11378818556728,58.41664442185272,1.0020374425943896,1.016831847188402,1.0222363102238747,1.0176206398346341,1.0176206398346341,0.18892178566248605
2026-09-15 07:00:00,22.858525160203556,1.3806165246452644,52.70840532007418,45.7881749460101,52.70840532007418,35.66399886763356,50.57386614995878,1.0002753844039596,1.0157431028965793,1.0215209168089592,1.0170226514943943,1.0170226514943943,0.177485706325673
2026-09-15 07:30:00,11.11477605625538,1.3225471699193143,52.786634509550446,42.98531401569229,46.51093067258118,52.786634509550446,37.227492719947676,0.9986709599714372,1.0149160589120605,1.0226425337985643,1.0185217621530789,1.0185217621530789,0.15392774973104217
2026-09-15 08:00:00,1.2110351748656853,1.2547297050333623,58.32246228830933,41.58718382379462,41.5341526257666,58.32246228830933,31.267702021358666,0.9981617128452188,1.0158972615848147,1.0237522742193959,1.0202796338313063,1.0202796338313063,0.1303322440551038
2026-09-15 08:30:00,1.1817030497951464,1.2352257382295844,65.96997174086292,41.58447106108169,37.93530052404452,65.96997174086292,26.979322350159073,0.9978212964856336,1.015679140308855,1.0242996413375483,1.020976062895493,1.020976062895493,0.11458363681865913
2026-09-15 09:00:00,60.91596145095201,1.4848215741818422,60.91620175641762,60.91620175641762,47.72679055031581,45.206960121007675,41.473615334228,0.9977645518390312,1.014862471843856,1.024836972374688,1.020655051289665,1.020655051289665,0.15045185566664948
2026-09-15 09:30:00,91.5944157478283,1.668224439582138,76.86573888814887,76.86573888814887,44.71084104908604,54.21996983459746,35.16077718055656,0.9979834270349818,1.0142005400148206,1.02499230457189,1.0211000923237858,1.0211000923237858,0.13238970027889224
2026-09-15 10:00:00,91.56945505239997,1.6501074301400305,76.85199635634761,76.85199635634761,44.09830958341503,57.913386054803716,33.30041156334163,0.9988327768959124,1.0136047470208709,1.02508196602113,1.0213663653217762,1.0213663653217762,0.12170653826512579
2026-09-15 10:30:00,91.63333755094061,1.7108500567482707,76.88716989266342,76.88716989266342,47.523585183201114,56.027067003279576,36.79240845449844,0.9983634206560382,1.012394458463074,1.0249404166208016,1.021274770204022,1.021274770204022,0.12066543200194497
2026-09-15 11:00:00,91.66734481348993,1.7502522169979289,76.90589681095965,76.90589681095965,45.84079077139266,61.47759855047475,33.35241796907374,0.9962310147527719,1.0120422364784434,1.0250577776650562,1.021420163915773,1.021420163915773,0.11728155445311182
2026-09-15 11:30:00,91.64979333423713,1.7435751669381094,76.89623143993043,76.89623143993043,45.642958273785624,65.81696130566482,31.686205294179025,0.9973368356152906,1.0111855986219105,1.0248719367701782,1.021287914743792,1.021287914743792,0.11052430670542429
2026-09-15 12:00:00,91.57116139037748,1.6669172776082382,76.85293577837267,76.85293577837267,43.127299495547476,67.75491469216587,29.37880593319781,0.9996657972495026,1.0120243691447297,1.0246429010803997,1.0210153005372675,1.0210153005372675,0.11167775314758865
2026-09-15 12:30:00,91.61337235578446,1.7008958367152527,76.87617642116112,76.87617642116112,46.335703342373684,63.672864788454795,32.94250706502517,1.000004393208729,1.011502327730473,1.0239170156680941,1.020108144194724,1.020108144194724,0.12301015888888135
2026-09-15 13:00:00,91.62073013404762,1.7144717528978788,76.88022777521624,76.88022777521624,47.63720000613699,64.85130823706052,33.515722564770236,1.000737332292283,1.0104893701552615,1.023906447663269,1.0206463023501786,1.0206463023501786,0.0957452955681016
2026-09-15 13:30:00,91.63821937341237,1.728664150361275,76.8898580744384,76.8898580744384,45.559390433724374,65.87035228609767,31.608236029517617,0.9985560259343689,1.0113195736534353,1.0238817516498253,1.020576423955032,1.020576423955032,0.09908863711134638
2026-09-15 14:00:00,91.68468775915954,1.7701997240421172,76.91544781903188,76.91544781903188,47.77219706550094,63.47517032289849,34.12698876741687,0.9978245899579976,1.0108030964925077,1.0237238535331614,1.019876592266821,1.019876592266821,0.1255078562790909
2026-09-15 14:30:00,91.78303441657408,1.8620748801792573,76.96961762761923,76.96961762761923,54.28233051910853,48.941599370576554,45.9852318369582,0.9983981654590344,1.010675210522574,1.014968161452518,1.0110680611595826,1.0110680611595826,0.12893473274454484
2026-09-15 15:00:00,92.04049253525346,2.1092833541284772,77.11149824039062,77.11149824039062,65.42924865599616,22.745105120452255,70.10685656883408,0.9973094983015617,1.0108214868064733,1.005755175399409,1.0016659701907609,1.0016659701907609,0.13978300237433805
2026-09-15 15:30:00,92.1929935222924,2.253138809066292,80.22565156678702,77.19558742055989,71.70931015066732,16.25981278122019,80.22565156678702,0.9978347723812782,1.0093584902908912,1.0049337096435165,1.0006756633027485,1.0006756633027485,0.1505413283876438
2026-09-15 16:00:00,59.62677740714025,1.9666014754836074,65.86662549899519,60.298693561566644,65.86662549899519,35.76593311291928,64.02194477243735,0.9969667963881403,1.0085836977955527,1.004651882105884,1.0001937676053692,1.0001937676053692,0.17042118448144705
2026-09-15 16:30:00,82.35336531532727,2.3274644132257833,78.85739051192255,71.84948451944075,73.90949738843305,23.432802078174568,78.85739051192255,0.9962875727428863,1.007482536276423,1.0028270765819098,0.9979554076585492,0.9979554076585492,0.1906014671012456
2026-09-15 17:00:00,63.28787301804033,2.11280554598511,79.48864757008947,62.066004129634365,61.073467041553485,8.3492691110497,79.48864757008947,0.9962657977584518,1.0046680973789182,1.0006471770011636,0.9944795889734688,0.9944795889734688,0.240744440333296
2026-09-15 17:30:00,69.87602907058692,2.339395251213568,88.23310404232807,65.345440810052,59.19734716816656,28.43908271933066,88.23310404232807,0.9951442600598469,1.0013055471867105,0.9974372418045515,0.9905314002132225,0.9905314002132225,0.2771381958607679
2026-09-15 18:00:00,91.5358597324535,2.8036937958628867,103.5496767806687,76.83350142985881,68.86243710542105,37.45500178596473,103.5496767806687,0.9957167007097842,0.9990753495934603,0.9946053967302588,0.987008945780969,0.987008945780969,0.3108836584367778
2026-09-15 18:30:00,92.79400552024077,2.7940055202406464,104.29860982058963,77.52733533937383,69.26286629958594,38.042113375719545,104.29860982058963,0.995722562990161,0.9992212135274402,0.9984398718620973,0.9903444339713845,0.9903444339713845,0.3347097427834452
2026-09-15 19:00:00,90.26292057505538,2.7831921854154014,105.03652197140467,76.13403941399017,70.0110559321126,37.871230395547094,105.03652197140467,0.9969885739338813,0.9989422666934095,0.9979559236745071,0.991492551139549,0.991492551139549,0.27433741503973647
2026-09-15 19:30:00,65.36739152338629,2.2803770640612724,91.9501205105587,63.08799624690212,61.14071822170865,31.50159751137562,91.9501205105587,0.9983795443770513,1.0020436120487206,1.0024157312896,0.9960914665570831,0.9960914665570831,0.26947568110748393
2026-09-15 20:00:00,39.58712178313732,1.8354424110811116,74.52042371722013,51.51871997590376,52.230361112617985,16.60358081426328,74.52042371722013,0.9993847086617345,1.0034011067374955,1.0121554475673864,1.0059999528768417,1.0059999528768417,0.26468690544587165
2026-09-15 20:30:00,16.47146203058759,1.536637117507861,65.9070813256699,44.12055859017278,44.73887285462353,15.396525766687013,65.9070813256699,1.0012002207041246,1.0066546781202799,1.0141134198377268,1.008256677113621,1.008256677113621,0.2518715461846173
2026-09-15 21:00:00,1.3591017492789206,1.3591017492792776,62.21487184433848,41.601010004893254,40.240520945147814,17.409639419217616,62.21487184433848,1.0026972898335733,1.009567105396337,1.0160023080584497,1.0105098900260054,1.0105098900260054,0.23604707283547524
2026-09-15 21:30:00,1.3380603958702295,1.3380603958701633,65.22540264170343,41.59903174109339,39.45535596302904,25.003760744343207,65.22540264170343,1.002760269480584,1.0135673250884705,1.0089586575226992,1.0038089548952753,1.0038089548952753,0.21908093991581495
2026-09-15 22:00:00,44.928894489354036,1.7379750931282516,89.09222421818464,53.68862042542369,65.31960618138224,17.313980367829192,89.09222421818464,1.0046311011977187,1.0173001907554602,1.0029882806469146,0.9983274037697022,0.9983274037697022,0.19608969460489395
2026-09-15 22:30:00,26.5229497724755,1.4790969647517822,81.96081262914146,46.88597476405187,61.502636377519394,11.819675338902295,81.96081262914146,1.0068395010630704,1.0206761089349883,1.0047110860044488,1.0004924320332798,1.0004924320332798,0.17684355065286447
2026-09-15 23:00:00,41.7702347999458,1.6731471460063618,104.96735754804209,52.38837169242396,68.03432670225085,41.92727139515181,104.96735754804209,1.007862051672187,1.0232785411588963,1.0061132380196456,1.0023479303644853,1.0023479303644853,0.156974905276485
2026-09-15 23:30:00,23.186385706828958,1.4359033151459535,98.0888059919466,45.882380985484644,62.77695571840136,39.85822431167408,98.0888059919466,1.0097235131891373,1.0249843624148316,1.0080234380116186,1.0046456230475171,1.0046456230475171,0.14004907899141342
2026-09-16 00:00:00,89.74173425997816,1.6009437018620747,88.60690830387334,75.84840568695945,55.39312353534969,37.19413759288536,88.60690830387334,1.0091426340088754,1.0274975271858737,1.0113104934450534,1.0084142767170239,1.0084142767170239,0.11903177915724955
2026-09-16 00:30:00,91.57852703961532,1.5785270401737534,87.97391005002213,76.85699097884032,54.369480908319545,38.13489763910262,87.97391005002213,1.0099122843213004,1.0280474190589868,1.0119786842755139,1.0092874386658712,1.0092874386658712,0.10995381025754057
2026-09-16 01:00:00,91.5644926006226,1.56449260075875,88.61070593985926,76.84926431131707,53.90282892601952,40.35846868626521,88.61070593985926,1.010234229111915,1.028581296471176,1.0124515920030632,1.0098704164849372,1.0098704164849372,0.10508643793699132
2026-09-16 01:30:00,91.55624262987061,1.5562426298950494,88.91523493895299,76.84472242996934,53.54791060266789,41.70157777306174,88.91523493895299,1.010315922186307,1.0288965537432573,1.0127243293399837,1.0102388010698324,1.0102388010698324,0.10083740806373745
2026-09-16 02:00:00,91.50036741817934,1.5003674183103257,84.67132426712925,76.81396409350063,51.092313052001096,38.661742819172225,84.67132426712925,1.010467384097345,1.0294107154188379,1.0128236005909421,1.0103982427204856,1.0103982427204856,0.09815521108026404
2026-09-16 02:30:00,91.49937662773965,1.4993766277421972,84.9936183564692,76.8134187247726,50.94752895244747,39.59564674072285,84.9936183564692,1.0105810828770778,1.0296298412182718,1.0126073221262173,1.0102110531220843,1.0102110531220843,0.09682998621826762
2026-09-16 03:00:00,91.48948994648737,1.4894899465010076,84.65513531781116,76.8079768040232,50.73419264377653,39.38899434381657,84.65513531781116,1.0107328952434722,1.0296803272038315,1.0130252290706536,1.0106472407449707,1.0106472407449707,0.09605629439334203
2026-09-16 03:30:00,91.40144488884755,1.4014448888475983,77.69586565934688,76.75952098966154,48.516477411039425,30.505901089844556,77.69586565934688,1.0105405226975985,1.0290434665969828,1.0207704672046836,1.018355564005147,1.018355564005147,0.09854494282910588
2026-09-16 04:00:00,90.71474957584047,1.3244843572853295,76.3820172823291,76.3820172823291,45.799126089619094,20.843931199037094,69.83817621844676,1.009936589091295,1.02843681970873,1.0283090967049215,1.0257818350771977,1.0257818350771977,0.10446477816167768
2026-09-16 04:30:00,91.46764656579904,1.467646565799158,76.79595410826268,76.79595410826268,50.3506974078626,20.654537339203255,74.61016437781424,1.0069401509625102,1.0265041598132434,1.0267176528662976,1.0239405890492752,1.0239405890492752,0.11561814674469625
2026-09-16 05:00:00,91.58789934466199,1.5878993446621283,83.14789264781214,76.86215107822957,56.61824761821651,24.057470685192822,83.14789264781214,1.0075396081952213,1.0245300051136654,1.02516762000435,1.021453646642638,1.021453646642638,0.14636921024709826
2026-09-16 05:30:00,84.26924529630918,1.6815170071927326,88.21984409983314,72.87702456705239,61.578034830193616,23.41904239725675,88.21984409983314,1.0054165498665537,1.022394705236532,1.0245542243987575,1.0204866746724766,1.0204866746724766,0.16225792500088274
2026-09-16 06:00:00,65.85997333550091,1.7519252802249494,96.10914194628903,63.331911481286255,67.90866255250764,25.23303225398313,96.10914194628903,1.0033376366233269,1.0201267184650218,1.0238891062055104,1.019733182512937,1.019733182512937,0.1707228742029987
2026-09-16 06:30:00,68.33072072912643,1.8777342177086975,98.99644370423786,64.56554709230973,70.86156010855568,24.542363727624423,98.99644370423786,1.0014433068182185,1.0186704150573027,1.0232770372674644,1.0189497991919223,1.0189497991919223,0.17749880665570544
2026-09-16 07:00:00,51.28484245695904,1.6180209060237989,71.58688115154122,56.44240302212567,60.70532763239495,10.35160002159777,71.58688115154122,0.9983469713111436,1.0170512979014228,1.0229882877569139,1.0186659033113221,1.0186659033113221,0.17485136094613835
2026-09-16 07:30:00,48.311310931060405,1.569145979910188,68.2987149748126,55.13240433714913,58.8105374058659,12.66838444678183,68.2987149748126,0.9978605655772503,1.0174785502328811,1.0240602910371102,1.019748529633102,1.019748529633102,0.17702415991002451
2026-09-16 08:00:00,48.8712786623413,1.5633700818192153,62.60140076696128,55.37627684679139,56.1411231300473,18.212959583246896,62.60140076696128,0.9956779524911549,1.0175074914051963,1.025282241728642,1.0215611644266849,1.0215611644266849,0.15803103756114434
2026-09-16 08:30:00,71.53398909044182,1.8673179975529455,84.63308964918204,66.18900261295553,66.52598083413446,7.149948020094743,84.63308964918204,0.9964560067596455,1.0168114230679983,1.0257991994541211,1.0220360712527858,1.0220360712527858,0.15453794979742236
2026-09-16 09:00:00,92.11781591162224,2.1218814701175175,91.32677018022723,77.15412991259103,70.74971842354033,10.546095612741613,91.32677018022723,0.9960269842921322,1.0154218536970525,1.026411320755145,1.0216764106854859,1.0216764106854859,0.19840392540729432
2026-09-16 09:30:00,91.9808792659473,1.9912390754252338,77.07863724304946,77.07863724304946,64.94676457357501,8.781771266717273,77.05007903816977,0.9959021332600578,1.0149361212513637,1.0260595617686394,1.0214777364775158,1.0214777364775158,0.18890890933283186
2026-09-16 10:00:00,91.97116613900067,1.9762641482235663,77.07328353838419,77.07328353838419,62.94021543417774,15.541295930750115,71.17256954265456,0.9949881959692979,1.0144686043964386,1.0259401614089223,1.0214307205587907,1.0214307205587907,0.18769098607433315
2026-09-16 10:30:00,81.77365407178769,1.662442187223645,71.53994818809693,71.53994818809693,51.698122977343274,36.54799193350914,49.159929197279716,0.9967467708893477,1.0141744915447064,1.025832667575981,1.0222094039545837,1.0222094039545837,0.11998179946817972
2026-09-16 11:00:00,91.89636004851673,1.939716994306286,77.03205665696129,77.03205665696129,63.51361534882399,19.44742511367525,69.75574240012577,0.9972724684583708,1.01265925593854,1.025747709386527,1.0216907266546877,1.0216907266546877,0.15203038864230223
2026-09-16 11:30:00,79.53159967757927,1.7230031385871158,70.34905527633202,70.34905527633202,52.63693203786581,43.42394115134589,46.90590518338939,0.9955338657061824,1.0125009134559906,1.0256192378499305,1.0220387923495804,1.0220387923495804,0.11724380026446476
2026-09-16 12:00:00,91.83030422326954,1.877468520692206,76.995659440012,76.995659440012,60.386289732875476,26.679783071378022,62.79297395305482,0.9981783575255556,1.012851646031913,1.0249722946353301,1.0208195289993685,1.0208195289993685,0.1547160083914197
2026-09-16 12:30:00,87.8862032864809,1.7728644967854024,74.83512738939439,74.83512738939439,56.00453116294003,35.557374179960114,53.9337258534755,0.9982585142031893,1.0128822416984022,1.0246975889151921,1.0207495276275786,1.0207495276275786,0.1391929276270844
2026-09-16 13:00:00,90.65777875997873,1.9070518270208607,76.3507318709594,76.3507318709594,60.608794730882586,29.653670739074467,61.548246781105185,0.9970680627424956,1.0121546107925754,1.024258536864949,1.0205061854066388,1.0205061854066388,0.1366905155961866
2026-09-16 13:30:00,92.0127981660284,2.032691127760909,77.0962314122079,77.0962314122079,65.55435107430935,17.380806309856002,73.00552600788832,0.9959532552144142,1.0127435770129178,1.0240630802596096,1.0199851320496227,1.0199851320496227,0.16195967638911235
2026-09-16 14:00:00,92.09177243096605,2.1171776280426724,77.13976999587774,77.13976999587774,66.48740511466993,17.70545510088658,73.83633243557756,0.9931724328171224,1.0120593052172258,1.0240836810993224,1.0196039776265773,1.0196039776265773,0.1779367341898945
2026-09-16 14:30:00,92.18948583992824,2.216912130837607,83.07564252966418,77.19365287643373,70.65283766715457,9.034141267182672,83.07564252966418,0.9940598767805268,1.0119242114027778,1.0161278027056275,1.0116674269905925,1.0116674269905925,0.17468395026598307
2026-09-16 15:00:00,92.27763421306184,2.3166741654890375,86.21567141751869,77.24227391530134,72.08669634725202,6.600074708331056,86.21567141751869,0.9932495762177875,1.0116073817467366,1.007950660652284,1.0035779154169377,1.0035779154169377,0.164566993906595
2026-09-16 15:30:00,92.31425476256095,2.348999565234768,87.00821689794817,77.26247667525062,73.42486157411948,7.56699219260876,87.00821689794817,0.9934662482299653,1.01087868475066,1.008071498599932,1.0035806976060302,1.0035806976060302,0.1715408364764021
2026-09-16 16:00:00,84.05106079030128,2.2545700642346964,78.45052310025804,72.7596590308058,71.20835739667764,18.60143267297542,78.45052310025804,0.994044514205836,1.0098533776338674,1.0069271155010886,1.002354315523779,1.002354315523779,0.18626806382518998
2026-09-16 16:30:00,92.43916206783342,2.4557004997189544,80.02573477718128,77.3314008807039,71.88699546588776,17.001030307683155,80.02573477718128,0.9925972952132736,1.0071448962542575,1.0042111563154243,0.9992129243953211,0.9992129243953211,0.20565694099721035
2026-09-16 17:00:00,50.09053798618464,1.8890246513204199,64.43931064653728,55.91185278965464,52.5199211094733,7.737417390054155,64.43931064653728,0.9940243109089499,1.0062166570023934,1.0022972249382363,0.9964767356046332,0.9964767356046332,0.22592190273514295
2026-09-16 17:30:00,51.622290078192975,1.9938104799903718,71.78720303385073,56.593349918061286,48.60569858627073,18.812364600934256,71.78720303385073,0.9929718058489946,1.004307314286549,1.0002910273861332,0.9937166266028022,0.9937166266028022,0.26547400589713693
2026-09-16 18:00:00,69.60201991528606,2.3055539429209073,84.94089577272791,65.20669878874608,56.39811644914177,27.978086877585735,84.94089577272791,0.9934134903895645,1.0028688239391286,0.9976942082240299,0.9904178693870564,0.9904178693870564,0.2981480500997819
2026-09-16 18:30:00,73.2381743886279,2.3875430152289256,86.62020147285942,67.06315883069408,58.592752423944525,26.603912881888213,86.62020147285942,0.9939873922780357,1.0018120730435924,0.9974941154773257,0.9899133648821187,0.9899133648821187,0.3117833445470598
2026-09-16 19:00:00,84.70589830867033,2.593940622228072,92.47281018939462,73.11217164240618,62.27103313594474,30.123398748669906,92.47281018939462,0.9933389115324378,1.0009784888542046,0.9968986373109305,0.9909796617906964,0.9909796617906964,0.25012367601118185
2026-09-16 19:30:00,50.185878215725836,1.9951584519566161,74.87705664042554,55.95399261977081,52.77920932790352,16.160393085123186,74.87705664042554,0.9963266998215793,1.0026955832669717,1.0059387585049664,1.0000318642093247,1.0000318642093247,0.25196656550282703
2026-09-16 20:00:00,31.113184277781045,1.68709659644182,61.62764874288329,48.39313664144974,44.45035586845039,8.095104208532158,61.62764874288329,0.9963953880801139,1.0049336366466197,1.0140847447566645,1.0083478279867861,1.0083478279867861,0.24650838580289416
2026-09-16 20:30:00,13.479723326197188,1.4715096606578593,55.52435990024658,43.455414712743654,38.32906342646978,8.466072951662769,55.52435990024658,0.9976535325751988,1.0079237067998628,1.0157247510941958,1.0101973360321546,1.0101973360321546,0.23754640403242322
2026-09-16 21:00:00,1.320594560559357,1.3205945605595866,53.870335995925736,41.5973930264653,39.08752885695483,5.112782997463496,53.870335995925736,1.000973731213911,1.01050277838159,1.0173760808977372,1.0121888147953249,1.0121888147953249,0.22269413044964076
2026-09-16 21:30:00,1.2886942446847343,1.2886942446848892,58.79846584388913,41.594407941754135,38.76492081766053,13.732363971846725,58.79846584388913,1.0012174470170554,1.014600395738234,1.0110256429309719,1.0062033802280508,1.0062033802280508,0.20495404297443187
2026-09-16 22:00:00,44.81003842232286,1.6898919518777675,83.69695626597591,53.638830876234245,65.14900941081197,8.008935378828049,83.69695626597591,1.0035650901955528,1.018260027306411,1.004490276313729,1.0000467009438785,1.0000467009438785,0.18677136756185203
2026-09-16 22:30:00,26.159017490594863,1.4311029955189918,77.28409497199564,46.77262228090535,59.12219437843921,8.19249168880749,77.28409497199564,1.0050540969777106,1.0208217136049387,1.006991202375376,1.0030252689688626,1.0030252689688626,0.16604015965839097
2026-09-16 23:00:00,38.44364210159239,1.576793700620482,99.3627780574801,51.073160875473725,65.17542988533151,37.227774917092994,99.3627780574801,1.0067227670512062,1.0235530128435297,1.008737096647234,1.005204938087499,1.005204938087499,0.14703145775140658
2026-09-16 23:30:00,23.657482815249978,1.391585056065702,94.27435434876782,46.019151154906574,60.88806471409588,36.512527402568836,94.27435434876782,1.008121449050574,1.0252052690659985,1.0105752343088628,1.0073834342382417,1.0073834342382417,0.13213135193361666
2026-09-17 00:00:00,91.65240447643038,1.652404476430747,89.56739487593897,76.89766933137989,57.33105987585239,34.95244100065741,89.56739487593897,1.0089601923593197,1.026374401504551,1.0116214933799557,1.0086014604086833,1.0086014604086833,0.1246051472293844
2026-09-17 00:30:00,91.58244784210217,1.5824478421022872,85.40460851785723,76.85914963386617,54.259739114239466,33.38466724506794,85.40460851785723,1.0091041255243276,1.0273098171933548,1.011871117237226,1.009032508607986,1.009032508607986,0.11652898411983678
2026-09-17 01:00:00,91.55402208508406,1.5540220850843927,84.61038970054527,76.84349996497811,52.46317386615033,35.64110545724509,84.61038970054527,1.0087232893760263,1.0284313696313065,1.012219278491265,1.0095524996644911,1.0095524996644911,0.10888844126485385
2026-09-17 01:30:00,91.48903118872835,1.4890311887282435,80.24435154320818,76.80772429396198,50.46134535798102,31.375306231203858,80.24435154320818,1.00975695137695,1.0285093645425103,1.012926521570354,1.0103259879631672,1.0103259879631672,0.10600765212971709
2026-09-17 02:00:00,91.45894587365814,1.4589458736581444,79.99881593852872,76.79116541680149,49.83672496429566,32.21511255745709,79.99881593852872,1.0110090468607351,1.0288830929475075,1.0130370793265964,1.0105160367986357,1.0105160367986357,0.1024620293064494
2026-09-17 02:30:00,91.46911275077213,1.4691127507852089,81.67343298492224,76.79676107963131,50.547800990004745,33.976940909073626,81.67343298492224,1.0113841744943866,1.028901390929449,1.0129335405730424,1.010448309116045,1.010448309116045,0.10084735509329898
2026-09-17 03:00:00,91.46514810336527,1.4651481033651281,82.72874033559329,76.79457899102506,50.964063583062504,35.15207858724596,82.72874033559329,1.0123077260196343,1.0289582638416008,1.012982268664129,1.0104843374528247,1.0104843374528247,0.10142127838028785
2026-09-17 03:30:00,91.3381097845778,1.3381097845780454,76.72467190720623,76.72467190720623,45.959977471379055,19.05856915277083,69.09300095031723,1.011189879663191,1.0281547114974856,1.0206189797444674,1.0180665022171334,1.0180665022171334,0.10473376199154208
2026-09-17 04:00:00,91.2854439275792,1.2854439275793323,76.69569821659451,76.69569821659451,43.37137698749356,10.12295415949475,61.66590977225647,1.0101462973709119,1.0275185272927672,1.027950216973205,1.0252860211657526,1.0252860211657526,0.110644459682796
2026-09-17 04:30:00,91.40092307664906,1.4009230766490925,76.75923384540091,76.75923384540091,47.60717558196638,7.725271883324873,64.70996209460846,1.0078722931430855,1.0252986267999562,1.026127593953189,1.0231655914092748,1.0231655914092748,0.12392904563483771
2026-09-17 05:00:00,91.55845048455586,1.5584504845562086,76.84593791641844,76.84593791641844,54.09796293467858,9.818253009403994,72.84848857601392,1.0062211480000194,1.023039964831253,1.024469641695926,1.0205333055723111,1.0205333055723111,0.15630958416824378
2026-09-17 05:30:00,88.80036060702247,1.7495276641780189,80.24814268777945,75.33361800944554,61.092460766695,9.58485407730211,80.24814268777945,1.0032137907024028,1.0200366643798642,1.023641121364564,1.0193335046658363,1.0193335046658363,0.17293709727359763
2026-09-17 06:00:00,66.27115150950448,1.746473859523487,86.4430808694391,63.536042497165276,65.77608608794165,11.520454105894975,86.4430808694391,1.0012375445535795,1.0185341609011123,1.0230941062885728,1.018736834370223,1.018736834370223,0.17966619946078854
2026-09-17 06:30:00,63.11588939769774,1.8095743864105216,88.95037787929377,61.98205422049965,68.87404948767043,9.985872221018473,88.95037787929377,1.0009240767146188,1.0167509200139457,1.0226936064895067,1.0181639261704558,1.0181639261704558,0.1855700611255659
2026-09-17 07:00:00,36.36359097011149,1.4992389072919892,55.78330637006667,50.2809453785774,55.78330637006667,31.70746080350726,55.56126172097814,0.9984694885947217,1.0151385649848654,1.022543229394287,1.0181386992861972,1.0181386992861972,0.17470079677945077
2026-09-17 07:30:00,29.60737222975098,1.4457103749242786,53.06146933749017,47.88326954566184,53.06146933749017,39.708350202679824,49.032965599572634,0.9982006956943961,1.0144919996571877,1.0231601865711273,1.0189913574384568,1.0189913574384568,0.1603506656243856
2026-09-17 08:00:00,24.101128106215413,1.3820799316053347,48.17431642135717,46.149456678246004,48.17431642135717,43.934172246989135,42.43961406974805,0.9964673432173646,1.0157282447090485,1.0239635815276111,1.0204002659110651,1.0204002659110651,0.13902131024949196
2026-09-17 08:30:00,35.23597493412643,1.4837794883938171,49.86166908884689,49.86166908884689,49.73088597737729,42.68469153451158,44.45289102000138,0.9941473314948966,1.0151356268016756,1.0246979055983143,1.0210744497462285,1.0210744497462285,0.1377791925502452
2026-09-17 09:00:00,69.99118846321102,1.647833712859427,65.40380833144697,65.40380833144697,53.64927264136482,31.57642444411936,53.45705809269986,0.995524780463478,1.0149116670066038,1.02549389927301,1.0212380017872043,1.0212380017872043,0.1570368517639687
2026-09-17 09:30:00,91.80072624195509,1.8428208585235795,76.97936397359963,76.97936397359963,55.6447331254121,32.57538179154768,55.001002241988914,0.9957491601273394,1.013980978408937,1.0253235259127997,1.0210571232386412,1.0210571232386412,0.1619287838338695
2026-09-17 10:00:00,91.75450780352605,1.8109936144651337,76.95390347614473,76.95390347614473,54.032837646958875,38.97638906353245,50.33520829579157,0.9964046213729634,1.0130375976664838,1.0255330962383626,1.0215581127736197,1.0215581127736197,0.14308473338495828
2026-09-17 10:30:00,78.36884086965193,1.5726713663000373,69.73547390565489,69.73547390565489,43.73106249774866,58.604904402432865,32.77356721359616,0.9973889013423052,1.0134063492180974,1.0255296585396745,1.022042269575315,1.022042269575315,0.10971359655400856
2026-09-17 11:00:00,91.70865006630612,1.7657343773851464,76.92864497861218,76.92864497861218,51.32432887280619,44.39310023453099,45.20317927368343,0.9969101706805977,1.0131748397594427,1.0252130687415655,1.0212913255637346,1.0212913255637346,0.1403822415828221
2026-09-17 11:30:00,91.73826567483843,1.7890327900841902,76.9449569158438,76.9449569158438,52.373725354647604,46.91657650401472,45.070227011047784,0.9975832343752601,1.012436973718338,1.0248272975957782,1.0207140707289957,1.0207140707289957,0.15147524757763936
2026-09-17 12:00:00,91.65820896288176,1.7373380876616187,76.90086575681563,76.90086575681563,51.3329159085279,48.91716727189171,43.196263080018646,0.9994779559953006,1.0121517555093462,1.0245210098622235,1.0206437194694225,1.0206437194694225,0.1295279640719073
2026-09-17 12:30:00,91.67316404497842,1.7519919241503747,76.90910149242809,76.90910149242809,50.517445388223116,49.12979585484615,42.34347679541051,0.9980536316246085,1.0125198538711175,1.0243597448298432,1.0205273110385902,1.0205273110385902,0.12759131445792235
2026-09-17 13:00:00,85.7836468513031,1.7007008822511134,73.69404576768558,73.69404576768558,45.94290756530258,63.63155374680278,32.660871130187125,0.9970493365367794,1.011522981835962,1.024603322232807,1.021426673354622,1.021426673354622,0.09136657802676683
2026-09-17 13:30:00,89.22553903334455,1.7674532478808294,75.56594455720035,75.56594455720035,49.08394226999227,58.65756106789988,37.06756897122388,0.9967528216823038,1.0110815049416197,1.0243888238656451,1.021157895823859,1.021157895823859,0.09629501774878867
2026-09-17 14:00:00,91.79170059946654,1.8630233916687784,76.97439172721401,76.97439172721401,55.335545565817014,47.061541704324,47.86412486898705,0.9968167683723267,1.0106532725940576,1.024152369488666,1.0201848553496236,1.0201848553496236,0.13663135967571283
2026-09-17 14:30:00,92.00392608503375,2.065716553902718,77.09134083120296,77.09134083120296,64.80000075313714,26.23862825898524,67.6648976582104,0.9959102554928382,1.010512829108488,1.0158334146173644,1.0117032818127596,1.0117032818127596,0.14622318757238545
2026-09-17 15:00:00,91.34293679465196,2.138904987823106,76.72732766623375,76.72732766623375,66.42804349239216,19.4279113197834,72.87797986461112,0.9958131360914645,1.010998789694224,1.0066372136364046,1.0025991000127061,1.0025991000127061,0.1382574829975092
2026-09-17 15:30:00,92.24678522278043,2.2940305803612535,84.82840588451994,77.22525680678972,72.29886692281744,9.09682130254046,84.82840588451994,0.9955451902467519,1.0108876426947846,1.0063204039319347,1.0018609077214409,1.0018609077214409,0.16485334143409056
2026-09-17 16:00:00,64.28989741307299,1.9775099302664148,65.47343574890189,62.55687373142891,64.7681430300667,30.532988538558765,65.47343574890189,0.995248395774397,1.0102265456478883,1.0052876842522565,1.000893266412968,1.000893266412968,0.16887212159702705
2026-09-17 16:30:00,91.75861230524447,2.4597952675513772,83.86869912577734,76.95616440097913,75.28366026750423,16.703958020249296,83.86869912577734,0.9948742999474918,1.0077218156442327,1.003137969324582,0.9982260303005703,0.9982260303005703,0.19638520834650142
2026-09-17 17:00:00,69.01906177565633,2.175539402081153,78.71112482462227,64.91217050034633,60.85616056039548,7.492051462795995,78.71112482462227,0.9944602684939812,1.0046378050921974,1.00129445560353,0.9952357235100803,0.9952357235100803,0.237814816733752
2026-09-17 17:30:00,62.670927859420146,2.177862346988961,80.7379351230556,61.76527094325843,54.10257453862878,24.675027651152455,80.7379351230556,0.9937808912388215,1.0029590177507774,0.9988379988096098,0.9921086756979507,0.9921086756979507,0.2699234764313168
2026-09-17 18:00:00,91.1742489366818,1.4808044331290924,76.63453959127044,76.63453959127044,18.675598896318384,8.747123613794876,31.910919290104655,0.9973789055435544,1.012249541397154,1.0260294230448141,,,4.839190249391947e-08
2026-09-17 18:30:00,91.15777610570149,1.479808212723202,76.62548099282124,76.62548099282124,17.383010256979183,10.126243275097535,30.477404498756766,0.9971122204581372,1.0126651834230904,1.027249027581549,,,4.850693261369237e-08
2026-09-17 19:00:00,91.22227326143548,1.4852014664377968,76.66095116811505,76.66095116811505,16.36574100301144,13.888834491306964,28.620465271705836,0.9963943654209387,1.0125590956836057,1.0297333982574735,,,4.87418321670729e-08
2026-09-17 19:30:00,91.24266276518517,1.502195394939263,76.67216573312867,76.67216573312867,20.886554892167837,16.25057048061772,30.76725503901842,0.9987191981408172,1.0106680513715594,1.0281896460303892,,,4.8595887843902625e-08
2026-09-17 20:00:00,91.225872399499,1.4818685830212388,76.66293070594222,76.66293070594222,20.855810776273707,10.403794048408034,32.86966120168663,0.9991810197319166,1.0120213283311914,1.0271690995675196,,,4.8499420978626766e-08
2026-09-17 20:30:00,91.23465114222756,1.4796566592789762,76.66775912933727,76.66775912933727,20.513771282631943,11.129812933922121,32.329618341814665,0.9993245307933557,1.0125203978761326,1.0278181264890993,,,4.856067656926991e-08
2026-09-17 21:00:00,91.47642183337814,1.4764218333782582,76.80078396517361,76.80078396517361,24.271834766039216,5.042862205712387,38.583156420073664,1.0016953016923338,1.0126429700599509,1.0251602580329089,1.0197965756950649,1.0197965756950649,0.23246491536886218
2026-09-17 21:30:00,91.47012469133324,1.4701246913331167,76.79731804206462,76.79731804206462,25.02607663936896,7.715660172679495,42.067195992867475,1.002778590821537,1.0140311744798929,1.0234990263170456,1.0184978618704577,1.0184978618704577,0.2157065461774944
2026-09-17 22:00:00,91.46668635710114,1.466686357101088,76.79542562225647,76.79542562225647,24.397719511840137,24.88991376944317,49.70668745833481,1.0031880232674102,1.0177015463835983,1.0146910316878461,1.0101121521407153,1.0101121521407153,0.19484612510022112
2026-09-17 22:30:00,91.48668556209401,1.4866855620941215,76.80643321616944,76.80643321616944,26.184688013221457,36.68529951355436,57.162912855769385,1.0046763908318623,1.0203969003647246,1.0064199858261307,1.0022615363354872,1.0022615363354872,0.17449056215501368
2026-09-17 23:00:00,91.40495860909886,1.4049586090990263,76.76145454053363,76.76145454053363,32.08684726538088,28.346646761474105,59.18397391908,1.0073955855726204,1.0230992691788292,1.0089327145962628,1.0052159985445428,1.0052159985445428,0.1552834668351846
2026-09-17 23:30:00,91.36071888082597,1.3607188808262256,76.73711145890731,76.73711145890731,34.48319904910658,22.721741228389032,58.88992200974792,1.0082537740536917,1.0250593416372462,1.0105806712676313,1.0072588788975538,1.0072588788975538,0.13793391204462205
2026-09-18 00:00:00,91.37771902431723,1.3777190243174955,76.74646548883068,76.74646548883068,35.96801435529532,48.25016303808259,73.20561965649046,1.0104503920419252,1.027556016962279,1.0112400929954986,1.0083233070721396,1.0083233070721396,0.11994157990108655
2026-09-18 00:30:00,91.36388859360778,1.3638885936078868,76.73885550306484,76.73885550306484,36.79867514518276,47.26446287661637,73.59909016573495,1.0107851027540211,1.0284773864956875,1.0119221759669965,1.0091971589121382,1.0091971589121382,0.11145697183099833
2026-09-18 01:00:00,91.3588312690377,1.35883126903789,76.73607286181955,76.73607286181955,39.337894007151,46.465187396359234,75.9242209304849,1.012128841435421,1.0291050265583974,1.0124043000625027,1.0098132802520885,1.0098132802520885,0.10552138627981261
2026-09-18 01:30:00,91.36597266016264,1.3659726602191131,77.02429923480491,76.74000220994344,39.97753757832207,47.274699852638044,77.02429923480491,1.0125228011197343,1.0292905324345436,1.0117208954127925,1.0092113824059215,1.0092113824059215,0.10179832147450314
2026-09-18 02:00:00,91.35303334683397,1.3530333469385578,76.73288277853104,76.73288277853104,40.015104273689275,45.024568073771746,75.92301153823658,1.0123623053576143,1.0295071851564004,1.0124857919085106,1.0100091457847367,1.0100091457847367,0.10041349492227042
2026-09-18 02:30:00,91.3620177361509,1.3620177361556338,77.27656415574327,76.73782611513205,40.202405045076524,47.29375212064149,77.27656415574327,1.01258774148319,1.0293273691932519,1.012300634878619,1.0098508604597733,1.0098508604597733,0.0991908605654863
2026-09-18 03:00:00,91.35095981976178,1.3509598197771142,76.73174191302148,76.73174191302148,40.35112697696107,44.30186273767957,75.91830604241979,1.0124859188652875,1.0293453695347907,1.0126742437688379,1.0102208462273974,1.0102208462273974,0.09939390631170959
2026-09-18 03:30:00,91.28286121722749,1.2828612172275728,76.69427747221349,76.69427747221349,41.79346460815457,25.048064900003563,67.72024229834426,1.0122585762762268,1.0286925929762873,1.020167411864956,1.0176825951302404,1.0176825951302404,0.10163192934931817
2026-09-18 04:00:00,91.23531460738621,1.2353146073863852,76.66812404880939,76.66812404880939,41.320191396282816,9.393806814200374,59.127319697748746,1.0114372413540305,1.0281656059514335,1.0278637577586773,1.0252846970212797,1.0252846970212797,0.1067673364479586
2026-09-18 04:30:00,91.26219857424843,1.2621985742485182,76.68291136821928,76.68291136821928,38.36933529883931,17.22138049014674,60.16880402230389,1.0101370652867339,1.0264776617535565,1.0262917641668627,1.0234852032780353,1.0234852032780353,0.11690286991362435
2026-09-18 05:00:00,91.2859516554189,1.2859516554189652,76.69597751801656,76.69597751801656,38.038933157018185,12.329293973517046,47.1865040211847,1.0086565732015649,1.0239771206686925,1.0247340224525745,1.0209718741832834,1.0209718741832834,0.14847677838519677
2026-09-18 05:30:00,91.34005927095438,1.3400592709545867,76.7257444851811,76.7257444851811,29.64517296265309,34.803899322614356,59.82244727030304,1.0066720917201182,1.022142063048691,1.0244641179004073,1.0203485763612263,1.0203485763612263,0.16441145794511508
2026-09-18 06:00:00,91.40159537452257,1.4015953745226197,76.75960379941571,76.75960379941571,26.221532763711537,40.14146636574102,58.88277406301745,1.005290660700512,1.0191593697223427,1.0235646713746809,1.0193512237884508,1.0193512237884508,0.17326126533862485
2026-09-18 06:30:00,91.41421169587255,1.4145754346566761,76.76654647715,76.76654647715,23.149668809813598,27.301349959672226,49.606047586228925,1.0028966201075988,1.0181694424711465,1.022701264516742,1.0182318452027537,1.0182318452027537,0.1845066519933128
2026-09-18 07:00:00,91.44049147426819,1.4464410685959606,76.78100886901242,76.78100886901242,21.474471715129965,14.128914662428746,41.90421660652391,1.0010193910710028,1.016379738331021,1.0219087900409958,1.0174675542195284,1.0174675542195284,0.18086722427383153
2026-09-18 07:30:00,91.43686529419944,1.4488061736649178,76.7790132305743,76.7790132305743,19.718468971479446,9.786554665321297,38.322507715306905,0.9995742810547935,1.0159847310050056,1.0231275960972177,1.0188718024088281,1.0188718024088281,0.17036495039517435
2026-09-18 08:00:00,91.43525255063514,1.4474211277572913,76.77812567703846,76.77812567703846,20.914092708970372,15.333950522734122,31.09772660974824,0.9987736780481266,1.016316846951376,1.0240543168465746,1.020327777390085,1.020327777390085,0.15433398062192918
2026-09-18 08:30:00,91.42516205314752,1.447253879300907,76.77257258908449,76.77257258908449,18.317474712450252,6.422023169543521,32.68962020444417,0.9977943923681818,1.0160726067813268,1.0246502425896762,1.0210526901973414,1.0210526901973414,0.1394676296930974
2026-09-18 09:00:00,91.41018458436389,1.4317257337274953,76.76433035723623,76.76433035723623,18.835484725627865,10.183047514501686,37.736124014334536,0.9987228230521068,1.0159387815570988,1.0252746651105307,1.0207767429063799,1.0207767429063799,0.18052776994614333
2026-09-18 09:30:00,91.43998193445265,1.4541997271588416,76.7807284467073,76.7807284467073,18.33963426105977,5.44196489135476,34.83698698717449,0.997730375726968,1.0150208358643913,1.025213020558955,1.0206435473898385,1.0206435473898385,0.1866504813892489
2026-09-18 10:00:00,91.4440800294355,1.449161246570155,76.78298382126465,76.78298382126465,20.382444972577133,6.208613987751705,37.057821975418534,0.998975527607835,1.0144438818584134,1.0251691469611275,1.0205990968881766,1.0205990968881766,0.19028422984770701
2026-09-18 10:30:00,91.45045255481182,1.4689896229711534,76.78649097440909,76.78649097440909,18.920044051616326,5.574231240381648,33.65284136195198,0.9976193335308301,1.0137657712145458,1.0250612514720563,1.020691290051448,1.020691290051448,0.17588677847735895
2026-09-18 11:00:00,91.42616003287645,1.46556579690114,76.77312179859183,76.77312179859183,21.385039951261792,14.481245050974167,31.731563243121126,0.9983709075861907,1.0130767261312488,1.0248494601740883,1.020729592804202,1.020729592804202,0.15627593399662926
2026-09-18 11:30:00,91.40403032028445,1.4586980994476746,76.76094371435589,76.76094371435589,24.651514707142397,25.168064836097653,30.411945991570438,0.9996892785174979,1.0131806711627982,1.0244487947651784,1.020498462364411,1.020498462364411,0.1424976448550607
2026-09-18 12:00:00,91.40085367915225,1.4510111994141242,76.75919565718664,76.75919565718664,25.162427214360385,20.212754694810993,32.45731550222556,1.0004429893085511,1.0132734670351042,1.024218714780954,1.0201002655661577,1.0201002655661577,0.15184105721147848
2026-09-18 12:30:00,91.40710180133465,1.4700518404119167,76.76263391864627,76.76263391864627,25.5822651670223,31.853970411341372,28.97918419902461,0.9999091082875226,1.013017738913076,1.0241239150512254,1.0200602753964085,1.0200602753964085,0.1442840785462156
2026-09-18 13:00:00,91.40675422760233,1.4654440698647708,76.76244265166696,76.76244265166696,22.907343545038312,22.868458539903276,29.9824988585617,0.9988605028559931,1.0135045278076573,1.0239109745185317,1.020328798851889,1.020328798851889,0.12417211649145758
2026-09-18 13:30:00,91.41957219935978,1.5054685342709275,76.76949640243186,76.76949640243186,24.90327938870565,46.73175844543469,25.43557605066208,0.9983852212973782,1.0129435425665796,1.0242263786575772,1.0210497716656042,1.0210497716656042,0.09511739650070347
2026-09-18 14:00:00,91.44010924290382,1.5313356031348082,76.78079851014323,76.78079851014323,22.516216914561024,50.200391167856,24.90573204272618,0.9965882243786908,1.012884114581808,1.0245103295906408,1.0209188371673068,1.0209188371673068,0.11181547511379895
2026-09-18 14:30:00,91.43658334851818,1.5204566652123601,76.77885806494945,76.77885806494945,21.568172781646588,28.922567690466956,27.506790425504306,0.9974738002366053,1.0126034882711301,1.0162095865945884,1.012531390857512,1.012531390857512,0.11728531774232114
2026-09-18 15:00:00,91.5045444295094,1.561604237166295,76.81626329630792,76.81626329630792,18.610871611585857,5.789402135689624,33.27178812879728,0.9973685955560535,1.0132006009389496,1.0071396714576935,1.0030560669950102,1.0030560669950102,0.1444286437248856
2026-09-18 15:30:00,91.56158918701993,1.6071443951165059,76.84766587406531,76.84766587406531,17.4744710679613,12.676185382003332,29.674253373657848,0.9964494941257176,1.0123146894112056,1.0064874503632204,1.0021965156722488,1.0021965156722488,0.15807066392296512
2026-09-18 16:00:00,91.51376295804153,1.5255025215648546,76.82133765934803,76.82133765934803,19.47807847126372,16.194688737991907,29.84425855600643,0.997617743084574,1.011286720461573,1.0250063285242978,1.0203968193481312,1.0203968193481312,0.19460463346129814
2026-09-18 16:30:00,91.50619316024415,1.508517015395275,76.81717083463047,76.81717083463047,18.433610991073486,14.969624702363197,29.559041575513145,0.9972060918282618,1.0118559995763752,1.0270453712708487,1.0220436526604875,1.0220436526604875,0.21651922058542483
2026-09-18 17:00:00,91.25754454208442,1.5090915011054595,76.6803513718541,76.6803513718541,19.525853921057955,18.083057093855505,29.291507767558052,0.997792214828676,1.0107083558945684,1.0282698826053829,,,4.860343188852119e-08
2026-09-18 17:30:00,91.22278938239634,1.5007592298649621,76.66123503509144,76.66123503509144,18.101187075422185,14.663023350055958,29.44421995339009,0.9974504194603734,1.0116773507332915,1.0268683957213725,,,4.847103072845258e-08
2026-09-18 18:00:00,91.20704755046205,1.5026102306496747,76.65257720336773,76.65257720336773,19.898886532860708,17.844633680874278,29.599067670409173,0.998005989994453,1.010479003844734,1.0289798152956038,,,4.8670634562724666e-08
2026-09-18 18:30:00,91.18570634111535,1.496434197733668,76.64084040245432,76.64084040245432,21.273105640339956,15.525816887312194,31.283989907705017,0.9990671854711634,1.0103908402751058,1.0281755501670733,,,4.859444972077348e-08
2026-09-18 19:00:00,91.22974258589198,1.4856406578746264,76.66505934409578,76.66505934409578,21.280419815429397,9.059568242795553,33.75143287511057,0.9995551478767514,1.0116356982931167,1.0254509571428736,,,4.8337242485716686e-08
2026-09-18 19:30:00,91.22181084162736,1.474491301926077,76.66069683717731,76.66069683717731,22.855920391983506,7.82036658521808,35.582746453134966,1.0007635545590285,1.0115241926356768,1.0263672552356955,,,4.8423651916470335e-08
2026-09-18 20:00:00,91.26361568242254,1.506769789380579,76.68369086936492,76.68369086936492,25.24921922599001,14.879766791980279,34.531534181031,1.0019069477144473,1.0095651516262696,1.027285724129452,,,4.8510387235832213e-08
2026-09-18 20:30:00,91.48837927328856,1.4883792732887555,76.80736546635886,76.80736546635886,25.368911842186098,5.9069506066140836,38.808423751501984,1.0024461140179923,1.0116005049519115,1.0246786754623942,1.0191824901683753,1.0191824901683753,0.2383362608427003
2026-09-18 21:00:00,91.50320240014383,1.503202400144073,76.81552458388252,76.81552458388252,26.367078616469325,8.549186561498775,38.21157825202422,1.0030576530597908,1.0111147389162596,1.0248883291033477,1.0196961553176904,1.0196961553176904,0.2246491106384994
2026-09-18 21:30:00,91.50197096566433,1.5019709656644435,76.8148467502723,76.8148467502723,27.194263506965584,14.548827823691433,47.54491654458844,1.0045050533406692,1.0144793951465065,1.0149860711398377,1.0101692536243883,1.0101692536243883,0.20555993014590657
2026-09-18 22:00:00,91.54218898304799,1.5421889830481745,76.83698567927661,76.83698567927661,28.920580914421386,39.294574051734585,61.27402939860199,1.0067018993485082,1.018273532046325,1.0037796099292504,0.9993258603923807,0.9993258603923807,0.1870814159922324
2026-09-18 22:30:00,91.5199548376508,1.5199548376509582,76.82474607055848,76.82474607055848,29.669944684171963,58.620933054595746,71.68043049705064,1.0080622348172137,1.0213429302219277,1.006183598364907,1.0022016556691373,1.0022016556691373,0.16660852135030121
2026-09-18 23:00:00,91.44134799186298,1.4413479918632235,76.78148024946184,76.78148024946184,34.090771556024436,48.92947650558927,71.53767813180869,1.0097998479867292,1.0239220671986178,1.0085588241576635,1.0050462262877626,1.0050462262877626,0.14613230751609046
2026-09-18 23:30:00,91.41023423760043,1.4102342376003913,76.76435768126268,76.76435768126268,37.39047978765904,44.24966401890646,72.71182317224313,1.011243883803661,1.025520832581261,1.0090535949788177,1.0058803309840443,1.0058803309840443,0.13108868520890565
2026-09-19 00:00:00,91.46745023952053,1.4674502395207547,81.52468923394095,76.79584605279062,52.5739076604442,29.41172351116178,81.52468923394095,1.0153061608635001,1.027442704110409,1.0109556176381262,1.0080523777976629,1.0080523777976629,0.11929957591336765
2026-09-19 00:30:00,91.44834039969618,1.448340400004466,82.06748722858109,76.78532853155828,51.91355412649654,31.85910133245993,82.06748722858109,1.0157507516073374,1.0281118958236262,1.0116094532719504,1.0088970346509576,1.0088970346509576,0.11085581854377378
2026-09-19 01:00:00,91.4005097974487,1.400509797869883,78.59364061205106,76.75900642528268,49.369297146182,30.460414783374517,78.59364061205106,1.0154091982913902,1.0288531273172044,1.012015140120111,1.009434921595229,1.009434921595229,0.10499332385807462
2026-09-19 01:30:00,91.41184089149846,1.411840891700102,81.28822139386742,76.76524182014633,50.18918585628458,33.98431840352534,81.28822139386742,1.0155690431494686,1.0290994112200442,1.0127883921853293,1.0103022947475568,1.0103022947475568,0.10086999679223793
2026-09-19 02:00:00,91.40948958832797,1.409489588443846,82.85624215837882,76.76394790342357,50.19183431055858,37.03449237211267,82.85624215837882,1.0160673202507462,1.0296057404253356,1.0128426086915205,1.0103927975641238,1.0103927975641238,0.09925183304619926
2026-09-19 02:30:00,91.40242355316929,1.4024235532078055,83.48494005227897,76.7600595329304,49.94934252443065,38.773047336504675,83.48494005227897,1.0163890625991316,1.0299655545118083,1.013241029540527,1.0108600153957215,1.0108600153957215,0.09621473148078716
2026-09-19 03:00:00,91.37214941849345,1.3721494186604803,81.32822935849066,76.74340086103103,48.87749084764348,36.837054310107206,81.32822935849066,1.0165606417583362,1.0300727520461888,1.0140790394553638,1.0116764522485953,1.0116764522485953,0.09727077358988043
2026-09-19 03:30:00,91.21287571756892,1.2732109689337239,76.65578258449216,76.65578258449216,45.34732874548199,25.9082406168534,71.94227878879904,1.0157420798049055,1.029580234020618,1.02111022324302,1.0186892349111598,1.0186892349111598,0.09885622491750486
2026-09-19 04:00:00,80.83393801410392,1.1048885723951334,71.03958424177088,71.03958424177088,41.721628161125615,12.504578145673333,61.22820648929388,1.0158093974377516,1.0286385145722072,1.0282856456980407,1.0257538234946626,1.0257538234946626,0.10466937190543908
2026-09-19 04:30:00,91.31812340161264,1.3181234016127605,76.71367604674964,76.71367604674964,48.34298752668389,15.171201645506402,69.6110133590019,1.0143601597761884,1.026342633753839,1.026659937443349,1.0238499099819693,1.0238499099819693,0.11710623956406792
2026-09-19 05:00:00,74.47860842395374,1.2978381473285112,74.15493346832336,67.70378681212419,52.8918276257571,14.56681005928761,74.15493346832336,1.013503657097957,1.0243303900406626,1.0249548777956472,1.0212381905327543,1.0212381905327543,0.1464568041485376
2026-09-19 05:30:00,56.42099337661989,1.356235516912563,81.39745260435792,58.78712586933609,59.30514613835236,15.169161322902799,81.39745260435792,1.0113559013319897,1.021896179844839,1.0244345631897083,1.0203394976853681,1.0203394976853681,0.1634802948620107
2026-09-19 06:00:00,34.39032065237717,1.3985873461667842,85.72502808563958,49.552079889960545,63.483206898586,14.769403833424635,85.72502808563958,1.0089441919231863,1.0201985566047145,1.0239368893023573,1.0197543373404303,1.0197543373404303,0.1719350032457836
2026-09-19 06:30:00,30.026343447029888,1.4279551516114062,83.82683713968704,48.02365539763979,64.21913770025219,9.903619510190154,83.82683713968704,1.0075844744436273,1.0188264537273857,1.0233545270634052,1.0190348183529943,1.0190348183529943,0.17649374739443086
2026-09-19 07:00:00,32.74592472164471,1.4481480521033467,78.4504323670395,48.96229165847813,62.97327565009895,4.799267571089271,78.4504323670395,1.0056495397442782,1.0178686410789988,1.0228025953782647,1.0184627295185755,1.0184627295185755,0.17361248706051444
2026-09-19 07:30:00,24.78667259393609,1.3350232615804005,66.85569104669028,46.353653654962095,57.22314679735907,12.2228750437558,66.85569104669028,1.0036850594246398,1.0180594276448152,1.023818632060261,1.0197764324487077,1.0197764324487077,0.15494510842541764
2026-09-19 08:00:00,16.12370966987106,1.2461024173434088,53.75294378001251,44.03930225729755,50.75899425689651,24.880466121851402,53.75294378001251,1.001504147094083,1.0181916481977555,1.0247284099695166,1.021491730543702,1.021491730543702,0.12132347910304835
2026-09-19 08:30:00,14.196368193868523,1.1982557694670122,50.37123532996407,43.60768501564711,48.81512174941042,27.878251512562585,50.37123532996407,1.0018930415421037,1.0182237519211506,1.0251088154877042,1.022122008432273,1.022122008432273,0.10809783425799929
2026-09-19 09:00:00,38.00898998814114,1.2384744450204423,50.90564451615014,50.90564451615014,47.171424879652655,34.27549181391554,45.79921939981427,1.0021569742644454,1.01739963025987,1.0257752144893155,1.021969606130946,1.021969606130946,0.14119467449445483
2026-09-19 09:30:00,91.59442865757711,1.6306533023363237,76.86574599608105,76.86574599608105,53.72522539390574,21.88213608944196,58.25151037085218,1.0029717056127783,1.0170917719139443,1.0258318008941818,1.021942009205518,1.021942009205518,0.15250198901709816
2026-09-19 10:00:00,91.63354014497025,1.6540571220355886,76.88728145058195,76.88728145058195,54.245097411149764,26.365683921796712,56.582756971800265,1.0029881637580733,1.0162186959026882,1.0254060990264375,1.0213757892483828,1.0213757892483828,0.16500449743540502
2026-09-19 10:30:00,91.59784762365024,1.6260593402725916,76.86762844167257,76.86762844167257,52.468667169830226,30.86043661103014,52.608827378393286,1.0031876262407908,1.0160022848395216,1.0252719238326808,1.0213670571574942,1.0213670571574942,0.15625828685178267
2026-09-19 11:00:00,91.67327861623397,1.6813345269760978,76.90916458795438,76.90916458795438,53.77659368680726,32.522930428115856,53.13289676780859,1.0021084882013216,1.0154636871175098,1.0249816918778822,1.020689916595798,1.020689916595798,0.181687875918351
2026-09-19 11:30:00,91.65745477687216,1.6633985921310523,76.90045043727359,76.90045043727359,51.55498294212242,33.39284688793995,50.495102515828506,1.0020726447780302,1.015051082259319,1.0247879988922726,1.0204702848722726,1.0204702848722726,0.18365988380491963
2026-09-19 12:00:00,91.65117499373412,1.6572053672817633,76.89699228432546,76.89699228432546,52.86815267362843,33.9182491051986,51.556697886747536,1.0035813784062966,1.0148624248473008,1.0249882634300793,1.0205732303163169,1.0205732303163169,0.18806581738532624
2026-09-19 12:30:00,91.69404585822485,1.7000539869073508,76.92060165350121,76.92060165350121,54.948680860248174,32.59672214446948,54.28337294940873,1.0032134554925363,1.0143697704783812,1.0248381691863564,1.0204339744960222,1.0204339744960222,0.18755499777492954
2026-09-19 13:00:00,91.65615216588526,1.676643385602853,76.89973310996984,76.89973310996984,54.82430141817122,35.08928778468427,52.964818299695736,1.0039523671393136,1.0143950607836194,1.0250130767478522,1.0212536260141383,1.0212536260141383,0.1526888413592353
2026-09-19 13:30:00,91.70079353646747,1.726660194107623,76.92431792239316,76.92431792239316,56.61146589605537,32.02500502864409,56.25385920487837,1.0025575049680333,1.0140042778784812,1.02503014048559,1.0213827794021808,1.0213827794021808,0.14549202789695184
2026-09-19 14:00:00,91.70359133288918,1.7475187349660177,76.92585882348718,76.92585882348718,58.00781437985605,28.633400147877445,59.34837011575345,1.0023286983009483,1.0136095555307503,1.0249406505306153,1.021087318321418,1.021087318321418,0.1476498511445128
2026-09-19 14:30:00,91.80249302673286,1.8517120710209078,76.98033731412198,76.98033731412198,61.924713958979424,16.389433170075876,69.64636690506542,1.001856803501347,1.0140627668784337,1.0162858171132378,1.012397341605973,1.012397341605973,0.14564661724002195
2026-09-19 15:00:00,90.339249929696,1.9600379395705778,76.17590829901542,76.17590829901542,64.5584151333564,10.456117965242981,75.65942029496003,1.0011350345689136,1.013819953102968,1.0069436834701189,1.0032095761801523,1.0032095761801523,0.13335228073097358
2026-09-19 15:30:00,92.15379664807244,2.1856290806780723,92.38834088539089,77.1739707871218,72.96756443027999,8.25161486084442,92.38834088539089,1.001120905487257,1.01341933629135,1.0062063297301636,1.0020120171255482,1.0020120171255482,0.164362649106006
2026-09-19 16:00:00,67.10507384437466,2.034961158913723,89.30365942624317,63.951493429728224,73.39697580897194,4.927366191124884,89.30365942624317,1.001560819704481,1.0124182799767383,1.0054277148623454,1.000713451844989,1.000713451844989,0.19773941513998577
2026-09-19 16:30:00,75.51491724258346,2.2006079933428895,92.72584665391871,68.2417186322467,72.9603077248766,8.810587039989844,92.72584665391871,0.999749976134874,1.0106882239990895,1.002721241226546,0.9975416661969457,0.9975416661969457,0.21861864466448966
2026-09-19 17:00:00,47.720690323503675,1.873432445264295,82.7261484559745,54.87664225593684,58.71379937712776,18.889095438901187,82.7261484559745,0.9999883085901465,1.0083399653029472,1.0012332573739844,0.9951797088892667,0.9951797088892667,0.24380716977739122
2026-09-19 17:30:00,46.12485403837172,1.9638340819459719,83.37642981330447,54.193244459361445,53.02524463422365,32.05601323529703,83.37642981330447,0.998404135898358,1.0051043318520825,0.998568905856297,0.9919752438124689,0.9919752438124689,0.2677128238058963
2026-09-19 18:00:00,58.73356419728276,2.20463232736217,94.50864437889682,59.87403542373153,59.256093360864334,40.42076504345976,94.50864437889682,0.9992269714202463,1.004094321064144,0.9961425844224242,0.9888313745098716,0.9888313745098716,0.29937191099271954
2026-09-19 18:30:00,58.81556359980317,2.2587732977737307,97.44072076192323,59.912909735030354,61.60659548603039,41.09106718200142,97.44072076192323,1.0008689726029891,1.0033375954733244,0.9950312686283195,0.9873073370302609,0.9873073370302609,0.31722269829100674
2026-09-19 19:00:00,61.60282547674666,2.3332996729380047,101.74866459419844,61.24737012070699,64.67053325066486,42.88199089322197,101.74866459419844,1.00217250396755,1.0024809191812514,0.9952277339620133,0.9892131911248234,0.9892131911248234,0.2538751138294077
2026-09-19 19:30:00,43.31451920003144,1.9587074959736726,91.43767362365986,53.018045163642505,58.42217345965255,36.258165666661945,91.43767362365986,1.0031634063883377,1.0041964384645161,1.005005068529417,0.9990724670222071,0.9990724670222071,0.25285995619750873
2026-09-19 20:00:00,17.108608337070734,1.5656722717348481,74.06560075578825,44.27207430618558,48.90605491215239,22.60703520370497,74.06560075578825,1.0040549457546442,1.006013993300628,1.0141488378498946,1.0083976441332279,1.0083976441332279,0.24716291722397182
2026-09-19 20:30:00,1.3720179032786177,1.3720179032787079,68.97202476005292,41.602226562712715,43.529217395262314,23.881470331477644,68.97202476005292,1.005163583979372,1.0092031343962253,1.0161436933008912,1.0106633231447697,1.0106633231447697,0.23554188194589545
2026-09-19 21:00:00,1.3189026520557832,1.318902652056067,70.93833270275644,41.59723444805497,47.5379443198958,19.3771213320116,70.93833270275644,1.007021208006443,1.0117676022327928,1.017442458055607,1.0122407164716443,1.0122407164716443,0.22335890102540168
2026-09-19 21:30:00,1.307422481747608,1.307422481747834,75.82895440487728,41.596159201543955,49.88634093934918,23.986956024041582,75.82895440487728,1.0084647098304893,1.015520396817247,1.0111892022176336,1.0063924323471767,1.0063924323471767,0.20385207873296293
2026-09-19 22:00:00,38.27908250322389,1.7129422500221307,100.31406570014387,51.009618207131105,70.92492125770475,26.916919672225763,100.31406570014387,1.010159349422787,1.0193171790833844,1.0038575206388722,0.9994377178935654,0.9994377178935654,0.18559330124388404
2026-09-19 22:30:00,20.573521300450977,1.4467745426141665,90.67027773425384,45.15436877012891,63.91636327422749,23.214726522088426,90.67027773425384,1.0105331459940388,1.021822794046369,1.0063685912083222,1.0024145434532692,1.0024145434532692,0.16540224026517247
2026-09-19 23:00:00,31.75070002583135,1.592025439427023,109.57984311814673,48.613378995029755,68.48363063597016,49.8174014364879,109.57984311814673,1.0113802326970531,1.0245257425072087,1.008458083650967,1.0048556729771059,1.0048556729771059,0.15011562885120902
2026-09-19 23:30:00,17.04087450412146,1.403425542081337,103.9110027379939,44.25580555011888,63.367285132650174,49.80515690879368,103.9110027379939,1.01231024383327,1.0265945084327415,1.0102412747441814,1.0070246252604238,1.0070246252604238,0.13319256642352442
2026-09-20 00:00:00,91.57298633491979,1.5729863349197595,96.49061922140302,76.85394050413339,57.4509482696055,48.07725428129695,96.49061922140302,1.0176574958126985,1.0290591575279402,1.011716230438965,1.0087573547267032,1.0087573547267032,0.12188469053305136
2026-09-20 00:30:00,90.15115069076973,1.4910815809118556,91.5518203508738,76.07274733769937,54.342088743504306,45.12722453587616,91.5518203508738,1.0176475034732662,1.0297423792801184,1.0117932515423786,1.0090118206203618,1.0090118206203618,0.1139631884390672
2026-09-20 01:00:00,91.48478946022965,1.4847894605320064,91.48210593033603,76.8053895717356,53.369615892503965,47.056786746218826,91.48210593033603,1.0174375929526882,1.0304177861636152,1.0123140770686225,1.0096983609591341,1.0096983609591341,0.10661566070089352
2026-09-20 01:30:00,91.46954292490813,1.4695429251588341,91.28042562603326,76.79699784317668,53.09182364863755,47.25581407157408,91.28042562603326,1.0177474690724586,1.030589009319459,1.0132241802806152,1.010696417390808,1.010696417390808,0.10278400703064161
2026-09-20 02:00:00,91.44121208366198,1.4412120838284654,90.11492012001311,76.7814054529425,51.95423106190618,47.41135280635284,90.11492012001311,1.018390707835793,1.0310523675587377,1.0131606250896543,1.0106825751398691,1.0106825751398691,0.10055102651222052
2026-09-20 02:30:00,91.43858096761136,1.438580967641588,90.27845297471137,76.7799574347757,52.04287509820876,47.540394707840086,90.27845297471137,1.0188596719672784,1.0310025299849084,1.013046653933813,1.0105686843357493,1.0105686843357493,0.10053481015462734
2026-09-20 03:00:00,91.44455824641727,1.4445582464179703,90.60023234359831,76.78324700829921,52.40662588878485,47.392082565501354,90.60023234359831,1.0188708377707865,1.030851267753618,1.0129433668718928,1.0104921009489987,1.0104921009489987,0.09932798762511968
2026-09-20 03:30:00,90.71526804794604,1.313903199113857,80.47748390271165,76.38230202409986,48.775443249226264,35.392173515924405,80.47748390271165,1.018522512816042,1.030250520249698,1.0209484358682774,1.0184691574504938,1.0184691574504938,0.10146876322846506
2026-09-20 04:00:00,82.91648951173335,1.1648779149919872,72.15078389525252,72.15078389525252,45.74460356994231,23.855606369586383,71.32001873483668,1.0183202757249794,1.0294854477310365,1.0283648970585317,1.0257413693941566,1.0257413693941566,0.1088457804172142
2026-09-20 04:30:00,91.37213022164786,1.3721302216480473,79.01504029765528,76.74339029821627,51.90933875886632,25.936389818692646,79.01504029765528,1.016235087592211,1.0273661416423077,1.0266968979300641,1.0238035256664362,1.0238035256664362,0.12089140197376157
2026-09-20 05:00:00,84.35900437090379,1.446492172076576,85.76639744816868,72.92533316816409,57.29082144671399,27.69429556685314,85.76639744816868,1.015133993157061,1.0254773791058032,1.0253191917423947,1.0215084986525629,1.0215084986525629,0.15077209269702035
2026-09-20 05:30:00,59.64201465437816,1.4385824998414471,93.33862870655739,60.305960603405204,63.80794450692465,28.5488641924812,93.33862870655739,1.0147990760532872,1.0229958972445232,1.0245357935302024,1.0203359350041188,1.0203359350041188,0.16823688729488284
2026-09-20 06:00:00,10.92426474418977,1.1414140175820644,70.62421346146093,42.949641828711364,55.1733457844856,5.090056557150445,70.62421346146093,1.0111984308066848,1.0220962304452286,1.0240942649804343,1.0198447047057362,1.0198447047057362,0.17499265862741434
2026-09-20 06:30:00,3.7799659846573945,1.19307378129304,72.01951738704831,41.85820230470412,57.77718434115354,5.177858978850539,72.01951738704831,1.0109143641038971,1.0204239279398923,1.023626074222045,1.0191701263546415,1.0191701263546415,0.18272822876564873
2026-09-20 07:00:00,9.461084769330341,1.2508052791031146,70.75639873539298,42.68678707107815,58.913172974757934,8.484826312703095,70.75639873539298,1.009714977570771,1.0189020330184737,1.02288667784726,1.018490877991791,1.018490877991791,0.17657121251637467
2026-09-20 07:30:00,1.0733867614717951,1.0786347512074754,57.02787773111888,41.57452866589879,50.76689468245393,18.21322158685534,57.02787773111888,1.0100344674139958,1.0202342834892748,1.0240312964162537,1.0199644906618934,1.0199644906618934,0.15659174295827194
2026-09-20 08:00:00,1.0107032776712117,1.047977639201463,54.93707468757609,41.568828987797076,49.37225377957241,19.557180119411495,54.93707468757609,1.0096454954185388,1.020317988540543,1.0253573029934175,1.0220368151743757,1.0220368151743757,0.12623201644346307
2026-09-20 08:30:00,0.9056438864590177,0.9514242744756785,41.55936509847717,41.55936509847717,41.02133326441046,36.987188514251024,38.92609764934078,1.0092443839614276,1.0204153760057473,1.0260583303536506,1.0230595738701305,1.0230595738701305,0.10839059835288398
2026-09-20 09:00:00,56.20963549033485,1.175031171594304,58.68871557802002,58.68871557802002,48.78316764565031,15.894034605662895,56.1540611996964,1.0099834349114303,1.0208510546831777,1.0268871392575567,1.023875523851797,1.023875523851797,0.10888345920277309
2026-09-20 09:30:00,81.71247552853765,1.3076326458100693,71.50732005447675,71.50732005447675,45.34210621070002,24.152969830730687,48.69342241699845,1.0086560330515286,1.0205247003018845,1.0270864970050066,1.0243098274350966,1.0243098274350966,0.09458699225792891
2026-09-20 10:00:00,91.2932419537214,1.3524632864589266,76.6999879608361,76.6999879608361,43.80594447014284,29.525016531888948,44.73335414705002,1.0095317324921724,1.0200127324520598,1.0272147201113875,1.0245924381201974,1.0245924381201974,0.08614390602152318
2026-09-20 10:30:00,82.57342646329408,1.224055023671411,71.96715589174879,71.96715589174879,37.20280201025552,45.19376662525982,32.607994768428775,1.0097719592037473,1.0195794329558052,1.0270630847994024,1.024754399124795,1.024754399124795,0.0622385348999502
2026-09-20 11:00:00,91.29595370131017,1.3569438246777796,76.70147973308869,76.70147973308869,44.01575509481313,35.103823594058774,42.447353983756805,1.0102716990999052,1.0187952331863845,1.026794700579245,1.0241469013080369,1.0241469013080369,0.08655262218608933
2026-09-20 11:30:00,91.29949094231631,1.3618201931784812,76.70342563886254,76.70342563886254,43.09845352109612,38.6025179681224,40.097857872735815,1.009802241152881,1.0186358915904616,1.0265720861281655,1.0239198579349538,1.0239198579349538,0.0861974351922772
2026-09-20 12:00:00,91.3083403194081,1.3724519777948085,76.70829394156698,76.70829394156698,43.52149935780065,38.83849493148069,40.378814756942674,1.009775227647554,1.0184197957068328,1.0263298550135578,1.023637999639982,1.023637999639982,0.08726049425237362
2026-09-20 12:30:00,91.36415452435904,1.4190104845299505,76.73900182460481,76.73900182460481,45.912185368111544,36.51854455917222,43.59444947318705,1.0091344498339219,1.0180021462558853,1.0261958938207327,1.0233027982058258,1.0233027982058258,0.10002894491704394
2026-09-20 13:00:00,78.52377590912118,1.2302736058896908,69.81706930293093,69.81706930293093,35.44865186846716,56.987329924041966,27.853404766609778,1.009224920032454,1.0181854556525307,1.026236861173675,1.0238874635444795,1.0238874635444795,0.06089324042269803
2026-09-20 13:30:00,84.57926219418107,1.3094653406385028,73.04393936080655,73.04393936080655,40.40911224256503,47.83916710081126,34.11769302658547,1.0092594036773228,1.01785201412145,1.0261160017420594,1.0236124693812507,1.0236124693812507,0.07245290373008022
2026-09-20 14:00:00,87.10410237430955,1.3337995262108682,74.40977470478352,74.40977470478352,41.13613655340279,45.18410013400927,35.71629944932777,1.0090544574041618,1.018019016308664,1.0258593255761133,1.023267095690639,1.023267095690639,0.07726275443175164
2026-09-20 14:30:00,91.47301065396454,1.5292720815512908,76.79890645721666,76.79890645721666,51.93335215769401,19.255902176581937,57.70806410204595,1.0087626604366056,1.0184934276423858,1.016745965809443,1.0138514718075173,1.0138514718075173,0.09831551526253007
2026-09-20 15:00:00,84.78645291849,1.5339479040227388,73.15559018419636,73.15559018419636,52.71808017344804,16.01372709398176,60.15084992642231,1.0086814033054095,1.0185335452195483,1.0082908989494415,1.0055144848984439,1.0055144848984439,0.08806168522749842
2026-09-20 15:30:00,53.559672222062204,1.3993967646492924,61.624803276588466,57.468615275835155,53.99688310789185,15.734383096675753,61.624803276588466,1.007130447449489,1.0180104383107909,1.0070919387235044,1.0042788859483545,1.0042788859483545,0.08960837762179334
2026-09-20 16:00:00,4.461573213363522,1.2283047296865992,50.40099503523333,41.94111388632965,50.02070162542843,30.354223626125837,50.40099503523333,1.006669017678523,1.0173886115715025,1.006618038043812,1.0033286785999918,1.0033286785999918,0.11802362679327041
2026-09-20 16:30:00,24.252521493201982,1.5108982045057413,66.4552389095086,46.194255129582565,60.83540222988353,20.34451185366998,66.4552389095086,1.0055835581756472,1.0148740629622535,1.0044281023339137,1.0006054957929806,1.0006054957929806,0.14776598401263927
2026-09-20 17:00:00,15.026096254010326,1.5005529771741573,68.0203251577572,43.7895788373685,55.57978313923193,7.193679918808635,68.0203251577572,1.0062316530176474,1.0115110077493845,1.002275098366072,0.9973432365365684,0.9973432365365684,0.1872562608486616
2026-09-20 17:30:00,1.4806091083984256,1.4887970080326738,70.43867201619457,41.6125210524419,44.2177798615421,25.324246657640835,70.43867201619457,1.0056846040392928,1.0091099885927672,1.000308831002127,0.9946047257366999,0.9946047257366999,0.22773899641766013
2026-09-20 18:00:00,22.26484362860913,1.7566866169606385,82.96730020185022,45.61965249687961,52.82463893258187,31.68487670289571,82.96730020185022,1.0055888659133245,1.0063753712336874,0.9985048005276167,0.9921325056980909,0.9921325056980909,0.25886961601533914
2026-09-20 18:30:00,27.134500477859376,1.8358027016428053,86.17030734622611,47.07853946522728,55.32980224011486,32.60835511200603,86.17030734622611,1.0058801479805344,1.005633234157306,0.9981404972852592,0.9914184103139301,0.9914184103139301,0.2742738568436882
2026-09-20 19:00:00,38.749917777180656,2.0105681646188005,93.39024657625303,51.191815374371274,58.82712741135532,39.171067417872266,93.39024657625303,1.0053046564125208,1.0054432844753998,0.9959094247551902,0.9897124025602888,0.9897124025602888,0.26206446256896565
2026-09-20 19:30:00,6.779296173199043,1.5669863432458033,74.28517004689787,42.257009300783864,48.62514017189676,23.621270143324704,74.28517004689787,1.0071381847558185,1.0072694463051401,1.0050735208330561,0.9989293924293687,0.9989293924293687,0.26224607720699145
2026-09-20 20:00:00,1.410954685485592,1.410954685485676,65.04606261882469,41.60590413693308,49.78615915173276,5.19480196913081,65.04606261882469,1.0079545471166,1.0089463232484204,1.0145396203426562,1.0087005439111396,1.0087005439111396,0.2511925808075909
2026-09-20 20:30:00,1.355874775636039,1.3558747756360088,65.49767168830842,41.60070632218453,52.303225441402965,5.895950944391136,65.49767168830842,1.0089236842958356,1.0116976015712789,1.0158175858571867,1.010132950689846,1.010132950689846,0.2446094141234404
2026-09-20 21:00:00,1.3212889463804913,1.3212889463807178,67.2607014578346,41.59745811787967,55.48866385359975,8.245499449350643,67.2607014578346,1.010370921894554,1.014186419107397,1.0166758355454053,1.0113461017918846,1.0113461017918846,0.2289193639544489
2026-09-20 21:30:00,1.3256748014666755,1.325674801466611,73.7114406211986,41.597869358167934,58.54024066877952,4.810302797337805,73.7114406211986,1.0122703016133487,1.0174886460754884,1.0104374272557481,1.005446572574821,1.005446572574821,0.21234133631040605
2026-09-20 22:00:00,3.8833236008844096,1.3732147779375286,82.585891634958,41.87048023632684,62.31508642081901,11.358756118014542,82.585891634958,1.0139370901883151,1.02101676283622,1.0037991540309392,0.9992591213797386,0.9992591213797386,0.19090649705362284
2026-09-20 22:30:00,1.2604737069711973,1.2604737069713357,82.6531703527026,41.59177573958504,59.471407983493854,17.190679221567486,82.6531703527026,1.0151934104917697,1.023135536489896,1.0064322725780737,1.0023884765287367,1.0023884765287367,0.1694001954927245
2026-09-20 23:00:00,1.280265866975867,1.2802658669758833,94.65028122558581,41.59362096496245,61.63508456374126,35.65622890702323,94.65028122558581,1.0162536951552423,1.0254583780178348,1.009024025272185,1.0054180530402492,1.0054180530402492,0.15036513819977182
2026-09-20 23:30:00,1.207504901961272,1.2075049019613249,92.95771655800388,41.586856869695524,58.837918116582934,38.31317286484838,92.95771655800388,1.0168198012163134,1.026970873922662,1.0097953647425788,1.0065313150428032,1.0065313150428032,0.13524254478491507
